User,Category 1,Category 2,Category 3,Category 4,Category 5,Category 6,Category 7,Category 8,Category 9,Category 10,Category 11,Category 12,Category 13,Category 14,Category 15,Category 16,Category 17,Category 18,Category 19,Category 20,Category 21,Category 22,Category 23,Category 24
User 1,0,0,3.63,3.65,5,2.92,5,2.35,2.33,2.64,1.7,1.69,1.7,1.72,1.74,0.59,0.5,0,0.5,0,0,0,0,0
User 2,0,0,3.63,3.65,5,2.92,5,2.64,2.33,2.65,1.7,1.69,1.7,1.72,1.74,0.59,0.5,0,0.5,0,0,0,0,0
User 3,0,0,3.63,3.63,5,2.92,5,2.64,2.33,2.64,1.7,1.69,1.7,1.72,1.74,0.59,0.5,0,0.5,0,0,0,0,0
User 4,0,0.5,3.63,3.63,5,2.92,5,2.35,2.33,2.64,1.73,1.69,1.7,1.72,1.74,0.59,0.5,0,0.5,0,0,0,0,0
User 5,0,0,3.63,3.63,5,2.92,5,2.64,2.33,2.64,1.7,1.69,1.7,1.72,1.74,0.59,0.5,0,0.5,0,0,0,0,0
User 6,0,0,3.63,3.63,5,2.92,5,2.63,2.33,2.65,1.71,1.69,1.69,1.72,1.74,0.59,0.5,0,0.5,0,0,0,0,0
User 7,0,5,3.63,3.63,5,2.92,3.03,2.35,2.33,2.64,1.73,1.68,1.69,1.71,1.75,0.59,0.5,0,0.5,0,0,0,0,0
User 8,0,5,3.63,3.63,5,2.92,5,2.63,2.33,2.64,1.7,1.68,1.69,1.71,1.74,0.6,0.5,0,0.5,0,0,0,0,0
User 9,0,5,3.64,3.64,5,2.92,3.03,2.62,2.32,2.63,1.71,1.67,1.68,1.7,0.75,0.6,0,0,0.5,0,0,0,0,0
User 10,0,5,3.64,3.64,5,2.92,5,2.35,2.32,2.63,1.69,1.67,1.67,1.7,0.74,0.59,0,0,0,0,0,0,0,0
User 11,0,0.53,3.65,3.67,5,2.92,5,2.61,2.32,2.63,1.67,1.66,1.67,1.69,0.74,0.59,0,0,0,0,0,0,0,0
User 12,0,0.53,3.65,3.68,5,2.93,5,2.61,2.31,2.62,1.67,1.65,1.66,1.68,0.73,0.58,0,0,0,0,0,0,0,0
User 13,0,0.54,3.66,3.68,5,2.93,5,2.61,2.3,2.62,1.67,1.64,1.65,1.28,0.72,0.58,0,0,0,0,0,0,0,0
User 14,0,0.54,3.66,3.67,5,2.93,5,2.32,2.3,5,1.65,1.64,1.65,1.27,0.76,0.62,0,0,0,0,0,0,0,0
User 15,0,0.53,3.67,3.66,2.95,2.93,5,2.33,2.31,2.62,1.65,1.64,1.65,1.27,0.76,0.53,0,0,0,0.51,0,0,0,0
User 16,0,0.52,3.69,3.66,2.95,2.93,5,2.98,2.31,2.33,1.65,1.64,1.64,1.27,0.76,0.53,0,0,0,0.51,0,0,0,0
User 17,0,0.52,3.68,3.66,2.96,2.93,2.96,2.98,1.7,2.62,1.65,1.64,1.65,1.27,0.76,0.53,0,0,0,0.51,0,0,0,0
User 18,0,0.53,3.69,3.66,2.95,2.93,2.95,3,1.7,2.62,1.65,1.64,1.65,1.27,0.76,0.53,0,0,0,0.52,0,0,0,0
User 19,0,0.52,5,3.66,2.96,2.93,2.95,2.99,1.7,2.62,1.65,1.64,1.65,1.27,0.77,0.59,0,0,0,0.53,0,0,0,0
User 20,0,5,3.7,3.66,2.95,2.93,2.94,2.99,1.7,2.62,1.65,1.64,1.65,1.27,0.81,0.59,0,0,0,0.51,0,0,0,0
User 21,0,0.51,5,3.67,2.94,2.93,2.95,2.98,1.7,2.62,1.65,1.64,1.65,1.27,0.81,0.64,0,0,0,0.52,0,0,0,0
User 22,0,5,5,3.66,2.94,2.93,2.94,3,1.7,2.31,1.65,1.64,1.64,1.27,0.81,0.62,0,0,0,0.58,0,0,0,0
User 23,0,5,5,3.66,2.95,2.93,2.94,3,1.7,2.31,1.65,1.64,1.64,1.27,0.91,0.62,0,0,0,0.5,0,0,0,0
User 24,0,0.51,5,3.66,2.95,2.94,2.95,2.97,1.71,2.31,1.65,1.64,1.64,1.27,1.69,0.68,0,0,0,0,0,0,0,0
User 25,0,0.51,0.52,3.66,2.96,2.94,2.94,2.63,1.71,2.31,1.66,1.64,1.64,1.67,1.7,0.7,0.52,0,0,0.55,0,0,0,0
User 26,0,0.52,0.52,3.66,2.95,2.94,2.94,2.96,1.71,2.31,1.66,1.64,1.64,1.66,1.76,0.69,0.53,0,0,0,0,0,0,0
User 27,0,0.55,0.52,3.66,2.95,2.94,2.94,2.63,1.72,2.31,1.66,1.64,1.64,1.66,1.76,0.69,0.55,0,0,0.56,0,0,0,0
User 28,0,0.51,5,3.67,2.95,2.94,2.94,2.63,1.71,2.31,1.66,1.64,1.64,1.66,1.76,0.69,0.55,0,0,0.5,0,0,0,0
User 29,0,0.53,0.52,3.67,2.95,2.94,2.94,2.63,1.71,2.31,1.66,1.64,1.64,1.65,1.76,0.57,0.55,0,0,0.51,0,0,0,0
User 30,0,0.53,0.52,3.67,2.96,2.94,2.94,2.63,1.71,2.31,1.66,1.64,1.64,1.65,1.76,0.57,0.56,0,0,0.5,0,0,0,0
User 31,0,0.53,0.52,3.67,2.95,2.94,2.94,2.63,1.71,2.31,1.66,1.64,1.64,1.65,1.76,0.56,0.54,0,0,0,0,0,0,0
User 32,0,0.51,0.52,3.67,2.95,2.94,2.94,2.63,1.71,2.31,1.66,1.64,1.64,1.65,1.76,0.56,0.55,0,0,0,0,0,0,0
User 33,0,0.51,0.53,3.67,2.95,2.94,2.94,2.96,1.71,2.31,1.66,1.64,1.63,1.65,1.75,0.68,0.54,0,0,0.54,0,0,0,0
User 34,0,0.53,0.53,3.67,2.96,2.94,2.94,2.96,1.71,2.31,1.65,1.64,1.63,1.65,1.75,0.54,0.54,0,0,0.53,0,0,0,0
User 35,0,0.54,0.53,3.67,2.96,2.94,2.94,3.47,1.7,2.3,1.65,1.63,1.62,1.65,1.74,0.53,0.55,0,0,0,0,0,0,0
User 36,0,0.54,0.54,3.68,2.96,2.94,2.94,3.05,1.7,2.3,1.65,1.62,1.62,1.64,1.78,0.53,0.53,0,0,0.54,0,0,0,0
User 37,0.5,0.54,5,3.68,2.96,2.94,2.94,3.74,2.6,2.29,1.64,1.62,1.61,1.64,1.73,0.52,0.54,0,0,0,0,0,0,0.51
User 38,0.51,0.55,5,3.69,5,2.94,2.94,2.96,2.59,2.29,1.63,1.61,1.61,1.62,1.66,0.53,0.54,0,0,0,0,0,0,0.51
User 39,0.52,0.55,5,3.7,2.97,2.95,2.94,2.99,1.68,2.28,1.63,1.6,1.6,1.61,1.65,0.52,0.55,0,0,0,0,0,0,0.53
User 40,0.53,0.56,5,3.7,5,2.95,2.94,2.6,1.67,2.27,1.63,1.6,1.59,1.6,0.58,0.71,0.55,0,0,0,0.5,0,0.5,0.53
User 41,0.54,0.57,0.67,3.71,5,2.95,2.94,2.59,1.66,2.27,5,1.59,1.58,1.59,1.62,0.7,0.54,0,0,0,0.5,0,0.51,0.54
User 42,0.54,0.56,5,3.71,5,2.95,2.94,2.58,1.65,1.65,5,1.58,1.57,1.58,1.61,0.53,0.57,0,0,0,0.51,0.5,0.51,0.55
User 43,0.55,0.57,5,3.72,5,2.95,2.94,2.58,1.65,1.64,5,1.57,1.56,1.57,1.6,0.53,0.59,0,0,0,0.52,0.51,0.52,0.57
User 44,0.56,0.57,5,3.73,3.76,2.95,2.94,1.66,1.64,1.63,5,1.56,1.55,1.56,1.59,0.7,0.56,0,0,0,0.53,0.52,0.53,0.57
User 45,0.57,0.58,5,3.73,3.78,2.95,2.94,2.96,1.63,1.63,5,1.55,1.54,1.55,1.18,0.69,0.58,0,0,0,0.54,0.53,0.53,0.58
User 46,0.58,0.59,5,3.74,3.79,2.96,2.94,2.95,2.54,2.23,1.56,1.54,1.53,1.54,1.17,0.74,0.57,0,0,0,0.55,0.54,0.55,0.59
User 47,0.59,0.6,5,3,3.79,2.96,2.94,2.96,2.54,2.22,1.55,1.53,1.52,1.53,1.16,0.73,0.53,0,0,0,0.56,0.54,0.55,0.6
User 48,0.6,0.61,5,3,3.77,2.97,2.94,2.95,2.53,2.22,5,1.52,1.51,1.52,1.15,0.73,0.57,0,0,0,0.58,0.55,0.58,0.61
User 49,0.6,0.62,5,3,3.77,5,2.94,2.95,2.53,2.21,1.53,1.51,1.5,1.51,1.14,0.82,0.56,0,0,0,0.6,0.56,0.58,0.62
User 50,0.61,0.63,5,3,3.77,5,2.94,2.95,2.52,2.2,1.52,1.5,1.5,1.5,1.14,1.62,0.58,0,0,0,0.61,0.57,0.58,0.63
User 51,0.62,0.63,5,3.77,3.77,5,2.94,2.96,2.52,1.57,1.52,1.49,1.49,1.49,1.13,1.62,0.58,0,0,0,0.51,0.57,0.59,0.64
User 52,0.62,0.64,5,3.78,3.77,5,2.94,3.67,2.51,1.56,1.51,1.48,1.48,1.48,1.59,1.61,0.58,0,0,0,5,0.58,0.59,0.65
User 53,0.63,0.65,5,3.79,3.78,5,2.94,5,2.5,1.55,1.5,1.48,1.47,1.47,1.13,0.75,0.58,0,0,0,0.5,0.59,0.59,0.66
User 54,0.63,0.67,5,3.83,3.79,2.96,2.94,5,2.5,2.18,1.49,1.47,1.46,1.46,1.57,0.75,0.6,0,0,0,0.5,0.6,0.6,0.66
User 55,0.64,0.67,5,5,3.79,5,2.94,5,2.9,2.17,1.48,1.46,1.45,1.45,1.56,1.57,0.59,0,0,0,0.5,0.62,0.61,0.67
User 56,0.67,0.68,5,5,3.8,2.95,2.94,5,2.9,2.16,1.48,1.45,1.44,1.44,1.55,1.57,0.63,0,0,0,0.5,0.75,0.61,0.64
User 57,0.69,0.69,0.72,5,3.83,2.96,2.94,5,2.89,2.16,5,1.44,1.43,1.43,1.55,1.56,0.63,0,0,0,0.5,0.63,0.62,0.64
User 58,0.7,0.7,5,5,3.81,5,2.94,5,2.89,2.15,1.46,1.43,1.42,1.42,1.47,1.55,0.64,0,0,0,0.65,0.77,0.63,0.65
User 59,0.71,0.72,2.55,5,3.81,5,2.94,2.96,2.88,2.14,5,1.42,1.41,1.41,1.44,1.54,0.63,0,0,0,0.5,5,0.58,0.65
User 60,0.72,0.73,5,5,3.81,5,2.94,2.9,2.88,2.14,5,1.41,1.4,1.4,1.42,1.53,0.63,0,0,0,0.5,5,0.58,0.65
User 61,0.73,0.73,5,5,3.82,5,5,2.95,2.87,2.13,5,1.41,1.39,1.39,1.41,1.52,0.64,0.5,0,0,5,0.66,0.65,0.66
User 62,0.74,0.74,0.79,5,3.82,5,2.94,2.94,2.86,2.12,2.13,1.4,1.38,1.38,1.4,1.42,0.66,0.5,0,0,0.69,0.67,0.66,0.67
User 63,0.74,0.75,5,5,3.83,5,2.94,2.93,2.86,2.12,2.12,1.39,1.37,1.37,1.39,1.41,0.66,0.5,0,0,0.7,0.68,0.67,0.68
User 64,0.76,0.75,5,5,3.83,5,2.94,2.93,2.85,2.11,2.1,1.38,1.37,1.36,1.38,1.41,0.67,0.51,0,0,0.51,0.69,0.67,0.69
User 65,0.72,0.77,0.81,5,3.84,5,2.94,2.93,2.85,2.42,2.1,1.37,1.36,1.35,1.37,1.41,0.54,0.54,0,0,0.51,0.7,0.68,0.69
User 66,0.72,0.76,5,5,3.84,5,2.94,2.93,2.84,2.41,2.09,1.37,1.35,1.34,1.36,1.47,0.54,0.51,0.5,0,0.52,0.71,0.69,0.7
User 67,0.73,0.76,0.81,5,3.84,5,2.94,2.93,2.84,2.42,2.08,1.39,1.37,1.33,1.35,1.47,0.54,0.6,0.5,0,0.51,0.71,0.7,0.71
User 68,0.74,0.78,0.85,0.83,3.85,5,2.93,2.92,2.83,2.41,2.07,1.46,1.37,1.32,1.34,1.36,0.55,0.58,0.5,0,0.51,0.72,0.71,0.72
User 69,0.83,0.78,0.82,0.85,3.85,5,2.93,2.92,2.82,2.83,2.06,1.46,1.35,1.31,1.33,1.35,0.55,0.58,0.53,0.5,0.75,0.73,0.72,0.73
User 70,0.76,0.82,0.83,5,3.86,5,2.94,2.91,2.82,2.41,2.05,1.46,1.34,1.3,1.31,1.33,1.36,0.58,0.52,0.5,0.52,0.75,0.73,0.74
User 71,0.77,0.83,0.84,0.86,3.87,5,5,2.91,2.81,2.81,2.04,1.44,1.29,1.29,1.3,1.32,1.34,0.58,0.52,0.51,0.53,0.76,0.74,0.77
User 72,0.85,0.84,0.85,0.88,3.87,2.94,5,2.91,2.8,2.8,2.03,1.42,1.28,1.27,1.28,1.3,0.58,0.58,0.53,0.51,0.53,0.78,0.76,0.8
User 73,0.8,0.86,0.87,0.9,3.88,5,2.92,2.9,2.79,2.79,2.01,1.42,1.3,1.26,1.27,1.29,0.57,0.59,0.53,0.52,0.53,5,0.77,0.88
User 74,0.82,0.87,0.89,5,3.88,5,5,2.9,2.78,2.77,2,1.39,1.26,1.24,1.25,1.27,0.57,0.6,0.53,0.52,0.53,5,0.79,0.9
User 75,0.83,0.89,0.9,4.64,3.89,5,2.91,2.89,2.77,2.76,1.98,1.38,1.27,1.22,1.23,1.26,0.58,0.62,0.54,0.53,0.54,5,0.81,0.93
User 76,0.85,0.91,0.91,4.64,3.9,5,2.91,2.88,2.75,2.75,1.97,1.36,1.22,1.21,1.22,1.25,1.27,0.56,0.54,0.53,0.55,5,0.61,0.85
User 77,0.87,0.92,0.94,4.64,3.9,5,2.9,2.88,2.74,2.74,1.95,1.34,1.2,1.19,1.2,1.36,1.44,0.56,0.54,0.54,0.55,0.86,0.62,0.86
User 78,0.9,0.94,0.95,4.64,3.91,5,2.89,2.87,2.73,2.72,1.93,1.32,1.18,1.17,1.18,1.35,1.39,0.57,0.55,0.54,0.55,5,0.86,0.89
User 79,0.92,0.96,0.97,4.64,3.92,5,2.88,2.86,2.71,2.71,1.91,1.3,1.17,1.15,1.17,1.18,1.36,0.57,0.56,0.55,0.56,5,0.88,0.91
User 80,0.94,0.98,0.99,4.64,3.93,5,2.88,2.86,2.7,2.69,1.9,1.28,1.15,1.13,1.15,1.32,0.9,0.58,0.56,0.55,0.57,5,0.9,0.96
User 81,0.96,1,1.02,4.64,3.93,5,2.88,2.85,2.69,2.68,1.88,1.32,1.13,1.11,1.13,1.31,0.89,0.59,0.57,0.56,0.57,5,0.92,0.93
User 82,0.98,1.02,1.03,4.64,3.94,5,2.87,2.84,2.67,2.67,1.86,1.13,1.11,1.09,1.1,1.13,0.88,0.6,0.58,0.57,0.58,5,0.94,0.95
User 83,1,1.04,1.05,4.65,3.95,5,2.85,2.84,2.66,2.65,1.84,1.11,1.09,1.08,1.09,1.11,0.88,0.6,0.58,0.57,0.58,5,0.96,0.96
User 84,1.02,1.06,1.07,4.65,3.96,5,2.85,2.83,2.64,2.64,1.83,1.21,1.07,1.06,1.07,1.09,0.87,0.61,0.59,0.58,0.59,5,0.98,0.98
User 85,1.03,1.07,1.08,4.65,3.97,5,2.85,2.82,2.63,2.63,1.81,1.31,1.05,1.04,1.05,1.07,1.26,0.62,0.6,0.59,0.6,5,0.99,1
User 86,1.06,1.09,1.1,5,3.97,5,2.84,2.81,2.61,2.63,1.79,1.28,1.03,1.02,1.03,1.05,1.25,1.3,0.6,0.59,0.6,5,1.01,1.02
User 87,1.12,1.11,1.12,5,3.98,5,2.84,2.81,2.6,2.61,1.77,1.27,1.01,1,1.01,1.04,1.24,1.27,0.61,0.6,0.61,5,1.03,1.04
User 88,1.13,1.13,1.14,5,3.99,5,2.83,2.8,2.59,2.61,1.56,1.25,0.99,0.98,0.99,1.01,1.23,1.25,0.62,0.61,0.62,0.73,1.05,1.05
User 89,1.15,1.15,2.14,5,4,5,2.82,2.79,2.57,2.6,1.74,4.92,0.98,0.97,0.98,1,0.68,1.24,0.62,0.61,0.62,0.75,1.07,1.07
User 90,1.17,1.16,1.18,4.66,4,5,5,2.79,2.56,2.09,1.72,1.1,0.96,0.95,0.96,0.98,1.21,0.65,0.63,0.62,0.63,5,1.09,1.09
User 91,1.19,1.18,2.32,4.66,4.01,5,5,2.78,2.55,2.07,1.71,0.97,0.94,0.93,0.94,0.97,1.2,0.84,0.64,0.63,0.64,5,1.11,1.11
User 92,1.2,1.2,2.34,4.67,4.02,5,5,2.77,2.54,2.05,1.69,0.95,0.93,0.91,0.93,0.95,1.19,0.67,0.64,0.63,0.64,0.8,1.12,1.12
User 93,1.22,1.21,1.24,4.67,4.02,5,5,2.76,2.52,2.04,1.68,0.93,0.91,0.9,0.91,0.93,1.18,0.67,0.65,0.64,0.65,5,1.14,1.14
User 94,1.24,1.23,1.24,4.66,4.03,5,2.78,2.76,2.51,1.67,1.66,0.92,0.89,0.88,0.89,0.91,0.94,0.67,0.66,0.65,0.66,5,1.16,1.16
User 95,1.21,1.25,1.27,4.67,4.08,5,2.78,2.75,2.5,1.65,1.64,0.9,0.88,0.86,0.87,0.89,1.17,0.83,0.66,0.65,0.66,5,1.18,1.17
User 96,1.23,1.26,1.28,4.67,4.1,5,2.77,2.74,2.49,1.63,1.63,0.88,0.86,0.85,0.86,0.88,0.91,0.82,0.67,0.66,0.67,0.83,1.2,1.19
User 97,1.28,1.28,1.29,4.67,4.09,5,2.77,2.74,2.48,1.62,1.61,0.86,0.84,0.83,0.84,0.86,0.89,0.82,0.67,0.66,0.68,0.81,1.22,1.21
User 98,1.26,1.3,2.21,4.68,4.09,5,5,2.73,2.46,1.6,1.6,0.85,0.83,0.82,0.82,0.85,0.87,0.69,0.67,0.66,0.68,0.82,1.23,1.23
User 99,1.26,1.31,2.39,4.68,4.09,5,5,2.73,2.45,1.59,1.59,0.84,0.81,0.8,0.81,0.83,0.86,0.7,0.67,0.67,0.69,5,1.25,1.24
User 100,1.26,1.31,1.32,4.68,4.1,5,5,2.73,2.45,1.58,1.58,0.83,0.8,0.79,0.8,0.9,0.85,0.7,0.68,0.67,0.69,5,5,1.25
User 101,1.26,1.3,1.31,5,4.89,5,5,2.73,2.45,1.97,1.58,0.83,0.8,0.79,0.81,0.89,1.13,0.71,0.68,0.67,0.69,0.84,5,1.25
User 102,1.25,1.28,1.3,1.34,4.1,5,5,2.73,2.47,2.45,1.58,0.83,0.81,0.8,0.87,0.88,1.13,1.13,0.68,0.67,0.7,0.79,5,1.24
User 103,1.25,1.27,1.3,1.34,4.1,5,5,2.73,2.49,2.46,1.58,0.84,0.81,0.8,0.81,0.88,1.13,0.88,0.68,0.67,0.7,0.78,5,1.24
User 104,1.25,1.27,1.3,1.34,4.9,5,5,2.73,2.5,1.97,1.58,0.84,0.81,0.8,0.8,0.88,1.13,1.13,0.68,0.67,0.69,0.79,5,1.24
User 105,1.25,1.27,1.3,1.34,4.89,5,5,2.73,2.48,1.98,1.58,0.84,0.82,0.8,0.81,0.88,1.13,1.13,0.68,0.67,0.7,0.79,5,1.24
User 106,1.25,1.27,1.3,1.33,4.89,5,5,2.73,2.48,2.45,1.58,0.84,0.82,0.8,0.8,0.89,1.13,0.88,0.69,0.66,0.69,0.77,5,1.24
User 107,1.25,1.27,1.32,1.33,4.9,4.77,5,2.73,2.46,1.98,1.58,0.87,0.85,0.8,0.8,0.83,1.13,1.13,0.69,0.66,0.7,0.77,5,1.24
User 108,1.25,1.27,1.32,1.34,4.9,4.76,5,2.73,2.47,2.45,1.58,1.08,0.82,0.8,0.8,0.85,1.13,1.13,0.69,0.66,0.7,0.78,5,1.24
User 109,1.25,1.27,1.32,1.33,4.89,4.76,5,2.74,2.46,2.46,1.58,4.89,0.85,0.8,0.8,0.82,1.03,1.13,1.45,0.66,0.7,0.78,4.77,1.24
User 110,1.25,1.27,1.32,1.33,4.09,4.77,5,2.74,2.47,2.46,1.58,1.09,0.85,0.8,0.8,0.81,1.04,1.13,1.15,0.66,0.71,0.78,4.77,1.24
User 111,1.33,1.27,1.32,1.33,4.89,4.76,5,2.74,3.4,1.6,1.58,1.6,0.86,0.8,0.8,0.81,1.03,0.87,1.15,0.67,0.68,0.7,0.72,0.75
User 112,0.77,5,1.32,1.33,1.35,4.09,5,2.75,2.76,1.6,1.58,1.61,0.85,0.81,0.79,0.81,0.85,1.12,0.8,0.67,0.67,0.69,0.72,0.74
User 113,0.76,1.34,1.32,1.33,1.35,4.1,5,2.83,3.42,2.46,1.59,5,0.92,0.9,0.79,0.8,0.83,1.12,0.68,0.76,0.67,0.68,0.71,0.74
User 114,0.76,1.33,1.32,1.33,1.35,4.77,5,2.83,2.29,2.46,1.59,5,0.93,0.82,0.79,0.8,0.83,1.12,0.68,0.67,0.66,0.68,0.88,0.73
User 115,1.25,1.33,1.32,1.33,4.69,4.11,5,2.83,2.75,2.46,1.59,5,0.93,0.8,0.79,0.8,0.82,1.12,0.68,0.66,0.65,0.68,0.83,0.73
User 116,0.75,1.28,1.32,1.33,4.7,4.12,5,2.83,2.75,2.46,1.59,1.6,0.83,0.8,0.79,0.8,0.82,1.11,0.69,0.66,0.65,0.67,0.81,5
User 117,1.24,1.28,1.32,1.33,4.7,4.11,5,2.85,2.75,2.47,1.59,1.59,4.9,0.8,0.79,0.8,0.82,0.72,0.69,0.66,0.65,0.68,0.7,0.72
User 118,1.24,1.35,1.32,1.36,4.7,4.11,4.79,2.76,2.75,2.47,1.99,1.59,5,0.8,0.79,0.8,0.81,0.72,0.69,0.66,0.65,5,0.69,5
User 119,1.24,1.25,1.33,1.37,1.35,4.11,4.77,5,2.75,2.9,2.47,1.59,5,0.8,0.79,0.8,0.82,0.73,0.7,0.67,0.65,0.7,0.77,4.78
User 120,1.24,5,1.33,1.33,1.35,4.1,4.77,5,2.76,2.3,2.35,0.88,1.61,0.81,0.79,0.79,0.81,0.85,1.11,0.72,0.64,0.66,0.74,4.77
User 121,0.74,5,1.33,1.33,1.35,4.15,4.1,5,2.76,2.76,2.47,1.58,5,5,0.79,0.78,0.82,0.83,0.87,1.13,0.65,0.65,0.68,4.77
User 122,0.73,5,1.34,1.33,1.35,1.37,4.11,5,5,2.3,1.61,1.59,5,5,0.79,0.78,0.8,0.82,1.1,0.78,0.65,0.65,0.67,0.88
User 123,5,5,5,1.33,1.34,1.37,4.15,5,2.85,2.76,1.61,1.59,5,5,0.81,0.78,0.79,0.81,1.1,0.67,0.65,0.64,0.67,0.89
User 124,0.73,1.25,1.34,1.33,1.34,4.71,4.12,5,5,2.76,1.61,1.59,0.84,4.9,0.81,0.78,0.78,0.81,1.1,1.83,0.65,0.64,0.66,0.69
User 125,1.39,1.25,1.35,1.33,1.34,1.36,4.12,5,2.86,2.76,2.47,1.59,1.6,4.9,0.79,0.78,0.79,0.81,1.1,1.14,0.64,0.64,0.66,0.68
User 126,0.7,1.25,1.35,1.34,1.35,1.37,4.14,5,5,2.76,2.48,1.6,1.6,5,0.79,0.77,0.79,0.8,1.1,1.11,0.64,0.63,0.65,0.68
User 127,0.7,0.75,5,1.28,1.3,4.71,4.91,4.79,5,2.77,2.48,1.6,1.59,5,0.79,0.77,0.79,0.85,1.09,1.1,0.65,0.63,0.65,0.67
User 128,0.69,0.73,5,1.34,1.35,5,5,1.42,5,2.77,2.59,1.6,1.49,1.61,0.79,0.77,0.78,0.8,1.09,1.09,0.65,0.64,0.65,0.76
User 129,0.69,0.73,5,1.35,1.35,5,4.91,1.42,5,5,3.39,2,1.49,1.6,0.79,0.77,0.77,0.79,1.09,0.85,0.68,0.64,0.64,0.72
User 130,0.68,0.73,5,1.38,1.35,1.36,4.91,1.41,5,5,3.39,2.48,1.58,1.6,0.81,0.78,0.77,0.78,0.81,0.84,0.65,0.64,0.64,0.67
User 131,0.68,5,5,5,1.35,1.36,5,1.41,5,2.87,2.31,1.6,1.59,1.6,0.88,0.79,0.76,0.78,0.8,0.83,0.65,0.74,0.63,0.67
User 132,0.78,5,1.29,1.36,1.35,1.36,4.72,1.41,5,2.87,2.78,1.61,1.59,5,5,0.77,0.76,0.77,0.8,0.82,0.65,0.64,0.63,0.66
User 133,0.68,0.71,1.26,1.36,1.35,1.36,4.74,1.4,5,2.87,2.79,1.61,1.59,5,5,0.77,0.76,0.77,0.79,1.08,0.66,0.64,0.63,0.65
User 134,0.67,0.7,1.25,1.28,1.35,1.36,4.73,1.41,5,5,2.77,2.48,1.59,1.6,5,0.77,0.76,0.77,0.79,1.08,0.65,0.64,0.63,0.64
User 135,0.75,0.7,1.25,1.36,1.35,1.46,4.73,1.4,5,5,2.77,2.48,1.59,1.59,5,0.77,0.76,0.77,0.86,0.81,0.65,0.64,0.62,0.64
User 136,0.73,0.69,1.26,1.36,1.36,1.47,4.73,1.4,5,5,2.77,2.48,1.59,1.59,5,0.77,0.75,0.76,0.85,0.81,0.66,0.64,0.63,0.63
User 137,0.73,0.7,1.26,1.37,1.36,1.37,4.73,1.41,5,5,2.77,2.48,1.59,1.59,4.92,0.77,0.75,0.76,0.85,0.81,0.66,0.64,0.63,0.64
User 138,0.76,0.7,1.26,1.36,1.35,1.37,4.73,1.41,5,5,2.77,2.48,1.59,1.59,4.91,0.77,0.76,0.76,0.86,0.81,0.66,0.64,0.63,0.64
User 139,0.76,0.7,1.26,1.36,1.35,1.36,5,1.41,5,5,2.77,2.47,1.59,1.59,5,0.77,0.75,0.76,0.86,0.81,0.66,0.64,0.63,0.64
User 140,0.77,0.71,1.27,1.36,1.36,1.37,5,1.42,5,5,2.76,2.46,1.59,1.59,4.9,0.76,0.75,0.76,1.11,1.08,0.66,0.65,0.63,0.65
User 141,0.77,0.71,1.27,1.37,1.36,1.37,5,1.41,5,5,2.76,2.46,1.58,1.58,4.9,0.76,0.75,0.76,0.9,0.8,0.67,0.65,0.64,0.65
User 142,0.78,0.72,1.27,1.29,1.36,1.38,5,1.41,5,5,2.75,2.45,1.57,1.57,5,0.76,0.75,0.75,0.85,0.8,0.68,0.66,0.65,0.66
User 143,0.81,0.74,1.28,1.3,1.37,1.38,5,1.41,5,5,2.74,2.44,1.56,1.56,5,0.75,0.74,0.75,0.85,0.8,0.69,0.68,0.66,0.67
User 144,0.81,5,1.3,1.31,1.37,1.42,5,1.43,5,2.83,2.72,2.42,1.54,1.54,0.93,0.75,0.74,0.75,0.77,0.79,0.71,0.69,0.68,0.68
User 145,0.83,5,1.31,1.32,1.38,1.39,5,1.43,5,5,2.71,2.41,1.53,1.53,5,0.74,0.73,0.74,0.84,0.78,0.72,0.71,0.69,0.7
User 146,0.85,5,1.32,1.33,1.39,1.41,5,4.09,5,5,2.69,2.39,1.51,1.51,5,0.74,0.73,0.73,0.83,1.11,0.74,0.72,0.71,0.72
User 147,0.86,5,1.34,1.35,1.39,1.42,5,4.08,5,5,2.68,2.37,1.5,1.49,5,0.73,0.72,0.73,0.85,1.05,0.76,0.74,0.72,0.73
User 148,0.77,5,1.35,1.36,1.4,1.43,5,4.07,5,5,2.66,2.35,1.48,1.47,5,0.73,0.71,0.72,0.75,1.13,0.78,0.75,0.74,0.78
User 149,0.79,1.47,1.37,1.38,1.4,1.45,5,4.07,5,5,2.65,2.34,1.46,1.45,5,0.72,0.71,0.72,0.85,1.13,0.79,0.77,0.76,0.8
User 150,0.8,5,1.38,1.4,1.41,2.28,5,4.06,5,5,2.63,2.32,1.83,1.44,5,0.71,0.7,0.71,0.86,0.75,0.81,0.79,0.78,0.79
User 151,0.82,5,1.4,1.41,1.42,2.27,5,4.05,5,5,2.61,2.3,1.81,1.42,5,0.71,0.69,0.7,0.87,0.75,0.83,0.81,0.8,0.8
User 152,0.84,1.49,1.42,1.43,1.43,2.28,5,4.04,5,5,2.59,2.28,1.79,1.4,5,0.7,0.69,0.69,0.72,0.9,0.86,0.83,0.81,0.83
User 153,0.86,5,1.43,1.44,1.43,2.29,5,4.04,5,5,2.57,2.26,1.77,1.38,5,0.69,0.68,0.69,0.78,0.73,0.88,0.85,0.83,0.85
User 154,1.02,5,1.45,1.47,1.44,2.28,5,4.03,5,5,2.55,2.24,1.72,1.36,5,0.69,0.67,0.68,0.71,0.88,0.89,0.87,0.85,0.86
User 155,1.04,5,1.47,1.48,1.45,3.12,5,4.02,5,5,2.53,2.21,1.7,1.34,5,0.68,0.67,0.67,0.71,0.72,0.92,0.89,0.87,0.89
User 156,1.12,5,1.49,1.5,1.45,3.12,5,4.01,5,5,2.51,2.19,1.68,1.32,5,0.67,0.66,0.67,0.78,0.71,0.93,0.91,0.9,0.94
User 157,1.09,5,1.51,1.52,1.46,5,5,4.01,5,5,2.49,2.16,1.65,1.3,0.89,0.66,0.65,0.66,0.78,0.89,0.95,0.94,0.92,0.95
User 158,1.8,5,1.52,1.54,1.47,4.52,5,4,5,5,2.48,2.14,1.63,1.28,5,0.66,0.64,0.65,0.67,0.9,0.97,0.96,0.94,0.95
User 159,1.01,5,1.54,1.56,1.53,3.1,5,3.99,5,5,2.47,2.12,1.62,1.26,5,0.65,0.64,0.65,1.82,0.91,0.99,0.98,0.96,0.98
User 160,1.58,1.57,1.56,1.57,1.54,4.51,5,3.99,5,5,5,2.09,1.59,1.23,4.72,0.64,0.63,0.64,0.66,0.69,1.01,1,0.98,0.99
User 161,1.6,1.59,1.58,1.59,1.55,4.5,5,3.98,5,5,1.94,2.07,1.58,1.21,5,0.63,0.62,0.63,0.65,0.92,1.04,1.01,1,1.03
User 162,1.27,1.6,1.6,1.61,1.56,4.49,5,3.97,5,5,1.92,2.05,1.55,1.19,5,0.63,0.61,0.62,5,0.93,1.28,1.03,1.02,1.06
User 163,1.27,1.62,1.61,1.63,1.56,5,5,3.97,5,5,1.94,2.03,1.54,1.17,5,0.62,0.61,0.61,0.73,0.66,1.29,1.06,1.03,1.05
User 164,1.27,1.63,1.63,1.65,1.57,4.47,5,3.96,5,5,1.88,1.82,1.52,1.16,5,0.61,0.6,0.61,0.63,0.65,1.3,1.07,1.05,1.07
User 165,1.28,1.65,1.65,1.66,1.58,4.46,5,3.96,5,5,1.86,1.99,1.5,1.14,5,0.61,0.59,0.6,5,0.65,1.11,1.09,1.07,1.14
User 166,1.3,1.66,1.66,1.68,3.12,4.45,5,3.95,5,5,1.84,1.98,1.48,1.12,5,0.6,0.59,0.59,0.62,0.96,1.12,1.11,1.09,1.11
User 167,1.32,1.68,1.68,1.69,3.11,4.44,5,5,5,5,1.82,1.96,1.46,1.11,5,0.59,0.58,0.59,0.73,0.63,1.15,1.12,1.1,1.14
User 168,1.7,1.69,1.69,1.7,1.61,4.44,5,5,5,5,1.81,1.94,1.45,1.09,5,0.59,0.58,0.58,0.61,0.63,1.16,1.14,1.12,1.14
User 169,1.42,1.7,1.7,1.72,2.37,4.43,5,5,5,5,1.79,1.82,1.43,1.07,5,0.58,0.57,0.58,0.69,0.62,1.17,1.15,1.14,1.22
User 170,1.2,1.72,1.72,1.73,3.13,5,5,5,5,5,1.77,1.8,1.41,1.06,5,0.58,0.56,0.57,0.6,0.62,1.19,1.17,1.15,1.17
User 171,1.45,1.74,1.73,1.76,2.37,4.42,5,5,5,5,1.76,1.78,1.4,1.04,5,0.57,0.56,0.56,0.6,0.61,1.21,1.39,1.17,1.18
User 172,1.28,1.75,1.75,1.77,3.14,4.42,5,3.95,5,5,1.74,1.86,1.38,1.03,5,0.57,0.55,0.56,0.66,0.61,1.29,1.21,1.18,1.2
User 173,1.28,1.76,1.76,1.78,3.16,4.4,5,4,5,5,1.73,1.75,1.02,1.01,5,0.56,0.54,0.56,0.58,0.6,1.04,1.41,1.2,1.22
User 174,1.41,1.27,1.78,5,2.4,4.39,4.6,3.94,5,5,1.71,1.77,1,0.99,4.6,0.55,0.54,0.55,0.57,0.6,1.04,1.24,1.22,1.25
User 175,1.41,1.8,1.8,1.67,2.4,4.39,4.59,3.98,5,5,1.69,1.72,0.99,0.97,0.73,0.54,0.53,0.54,0.64,0.59,1.05,1.26,1.24,1.28
User 176,1.43,1.81,1.81,1.68,3.17,4.38,4.58,3.92,5,5,1.67,1.59,0.97,0.95,0.71,0.54,0.53,0.54,0.63,0.58,1.05,1.27,1.26,1.27
User 177,1.46,1.83,1.83,1.69,3.18,5,4.57,3.92,5,5,1.65,1.57,0.95,0.93,0.68,0.53,0.52,0.53,0.66,0.58,1.06,1.29,1.27,1.29
User 178,1.48,1.85,1.85,1.7,3.2,4.36,4.56,3.97,5,1.69,1.64,1.56,0.94,0.92,0.66,0.53,0.51,0.52,0.62,0.57,1.07,1.31,1.29,1.31
User 179,1.5,1.86,1.86,1.71,3.19,4.36,4.55,5,5,1.67,1.62,1.66,0.92,0.9,0.65,0.52,0.51,0.52,0.53,5,1.08,1.32,1.31,1.33
User 180,1.42,1.88,1.88,5,3.19,4.36,3.97,3.89,5,1.65,1.6,1.64,0.9,0.88,0.64,0.51,0.5,0.51,0.61,5,1.09,1.34,1.33,1.36
User 181,1.54,1.89,1.89,5,3.19,4.35,3.96,3.89,5,1.64,1.59,1.63,0.89,0.87,0.64,0.51,0,0.5,0.53,0.54,1.09,1.36,1.34,1.37
User 182,1.4,1.9,1.9,5,3.2,4.34,3.96,3.89,5,1.63,1.58,1.62,1.57,0.86,0.88,0.51,0,0.5,0.57,0.54,1.1,1.37,1.35,1.35
User 183,1.37,1.91,1.9,1.92,3.2,5,3.96,3.96,5,5,1.58,1.63,1.56,0.86,5,0.51,0,0,0.57,0.53,1.09,1.51,1.35,1.35
User 184,1.36,5,1.9,1.91,2.43,4.34,5,3.97,5,5,1.59,1.65,1.51,0.86,5,0.52,0,0,0.51,0.53,1.09,1.37,1.35,1.35
User 185,1.36,5,1.9,1.91,3.21,4.35,5,3.97,5,5,1.59,1.65,1.5,0.87,5,0.52,0,0,0.51,0.54,1.08,1.37,1.35,1.35
User 186,1.37,5,1.9,1.91,3.21,3.22,5,3.9,5,5,1.59,1.64,1.62,0.87,5,0.52,0,0,0.51,0.53,1.06,1.38,1.35,1.35
User 187,1.36,1.42,1.9,1.91,2.43,3.21,4.54,5,5,5,1.59,1.64,1.72,0.87,5,0.53,0,0,0.51,0.53,1.06,1.38,1.35,1.35
User 188,1.36,5,1.9,1.91,3.21,3.21,5,4.55,5,5,1.59,1.63,1.6,0.87,5,0.54,0,0,0.5,0.58,1.06,1.37,1.35,1.35
User 189,1.36,5,1.9,1.91,3.21,3.21,5,4.54,5,5,1.59,1.65,1.59,0.87,5,0.55,0,0,0.5,0.69,1.06,1.37,1.35,1.35
User 190,1.36,1.64,1.9,1.91,3.21,3.21,5,4.54,5,5,1.59,1.63,1.51,0.87,5,0.56,0,0,0.5,0.57,1.06,1.51,1.35,1.35
User 191,1.36,1.38,1.42,1.91,3.21,3.21,5,3.89,5,5,1.62,1.62,1.5,0.87,0.88,0.58,0,0,0.5,0.68,0.57,1.51,1.35,1.34
User 192,1.36,1.39,1.41,1.91,3.24,3.21,5,3.89,5,5,1.62,1.62,1.5,0.87,0.87,0.57,0,0,0,0.54,1.06,1.38,1.35,1.34
User 193,1.36,1.38,1.41,1.91,3.23,3.21,5,3.89,5,5,1.62,1.62,1.5,0.87,0.87,0.58,0,0,0,0.53,1.05,1.38,1.35,1.34
User 194,1.35,1.38,1.41,1.91,3.24,3.21,5,3.89,5,5,1.62,1.62,1.5,0.87,0.87,0.58,0,0,0,0.54,1.06,1.11,1.35,1.34
User 195,1.35,1.38,1.41,1.91,3.24,3.21,5,3.89,5,5,1.62,1.62,1.49,1.59,0.74,0.59,0,0,0,0.53,1.06,1.11,1.35,1.34
User 196,1.35,1.38,1.9,1.91,3.23,3.21,5,3.89,5,5,1.62,1.62,1.49,1.59,0.74,0.59,0,0,0,0.62,1.06,1.1,1.35,1.34
User 197,1.35,1.37,1.42,1.95,3.26,3.21,5,3.89,5,5,1.63,1.62,1.49,1.21,0.86,0.51,0,0,0,0.61,0.88,1.11,1.35,1.34
User 198,1.35,1.38,1.9,5,5,3.21,5,3.89,5,5,1.64,1.62,1.49,1.21,0.86,0.51,0,0,0,0.52,0.88,1.1,1.35,1.34
User 199,1.35,1.38,1.9,5,1.81,3.21,5,3.95,5,5,5,1.59,1.49,1.21,0.86,0.6,0,0,0,0.51,0.88,1.09,1.35,1.34
User 200,1.35,1.56,1.91,1.91,1.79,3.21,3.22,4.53,5,5,5,1.59,1.51,1.21,0.85,0.53,0,0,0,0.5,0.53,1.09,1.36,1.34
User 201,1.38,1.55,1.91,1.91,3.23,2.28,3.22,4.53,5,5,1.64,1.59,1.59,1.65,0.85,0.61,0,0,0,0.56,0.52,1.08,1.36,1.34
User 202,1.35,1.43,1.91,1.91,5,3.22,3.22,3.91,5,5,1.64,1.59,1.64,1.64,0.85,0.63,0,0,0,0.53,0.52,1.08,1.36,1.34
User 203,1.34,1.42,1.93,1.91,1.92,3.22,3.22,3.25,5,5,1.64,1.59,1.64,1.74,0.85,0.74,0,0,0,0.52,0.51,1.05,1.36,1.35
User 204,1.34,1.36,1.93,1.42,1.92,1.98,3.22,4.57,5,5,5,1.59,1.63,1.72,0.85,0.72,0.51,0,0,0,0.51,1.04,1.36,1.35
User 205,1.34,1.35,5,1.41,1.92,3.23,3.22,3.99,5,5,5,1.6,1.63,1.58,0.85,5,0.54,0,0,0,0.66,1.09,1.36,1.35
User 206,1.34,1.35,1.38,1.41,1.92,1.95,3.23,3.24,5,5,5,1.6,1.63,1.58,0.86,0.86,0.55,0,0,0,0.66,1.09,1.09,1.37
User 207,1.34,1.35,1.63,1.91,1.93,1.83,3.23,3.24,5,5,5,1.61,1.61,1.58,0.87,0.79,0.57,0,0,0,0.59,5,1.09,1.36
User 208,1.34,1.36,1.58,1.92,1.93,1.77,3.23,5,3.92,5,5,1.63,1.61,1.49,1.58,0.79,0.58,0,0,0,0.57,5,1.08,1.35
User 209,1.34,1.35,1.57,1.92,5,1.76,3.23,5,4.01,3.92,5,1.63,1.59,1.58,1.2,0.85,0.58,0,0,0,0,0.51,1.07,1.35
User 210,1.34,1.35,1.57,1.92,1.92,1.83,3.23,4.36,4,5,5,1.63,1.59,1.58,1.2,0.84,0.58,0,0,0,0,0.51,1.04,1.35
User 211,1.34,1.35,1.55,1.92,1.93,5,2.14,3.26,3.92,3.92,5,1.63,1.59,1.58,1.2,0.84,0.62,0,0,0,0.54,0.5,1.03,1.36
User 212,1.34,1.35,1.55,1.93,1.92,1.84,2.13,4.35,3.92,3.92,5,1.63,1.59,1.63,1.2,0.84,0.59,0,0,0,0,0,1.03,1.36
User 213,1.34,1.35,1.55,1.93,1.92,1.95,3.24,4.35,3.92,3.92,5,1.63,1.59,1.63,1.2,0.84,0.59,0,0,0,0,0.5,1.03,1.36
User 214,1.34,1.35,1.55,1.92,1.92,1.84,2.09,4.35,3.92,3.92,5,1.63,1.59,1.63,1.2,0.84,0.59,0,0,0,0,0.5,1.04,1.36
User 215,1.34,1.35,1.56,1.93,1.92,1.84,2.1,4.35,3.92,3.92,5,1.63,1.59,1.63,1.2,0.84,0.62,0,0,0,0.55,0.5,1.04,1.36
User 216,1.34,1.35,1.57,1.93,1.93,5,2.1,4.35,3.92,3.92,5,1.63,1.58,1.62,1.2,0.84,0.61,0,0,0,0,0.5,1.04,1.37
User 217,1.35,1.36,1.56,1.93,1.93,5,2.03,4.34,3.92,3.91,5,1.62,1.58,1.62,1.19,0.83,0.62,0,0,0,0,0.51,1.04,1.37
User 218,1.36,1.36,1.58,1.94,1.93,5,1.9,3.25,3.91,3.91,5,1.62,1.57,1.61,1.19,0.83,0.62,0,0,0,0,0.51,0.55,1.5
User 219,1.36,1.37,1.57,1.94,1.94,1.84,1.82,3.25,3.91,3.9,5,1.61,1.57,1.61,2.81,0.83,0.64,0,0,0,0,0.51,0.55,1.38
User 220,1.37,1.38,1.41,1.94,1.94,1.84,1.78,3.24,3.9,3.9,5,1.6,1.56,1.6,1.21,0.82,0.5,0,0,0,0,1.46,1.01,1.39
User 221,1.38,1.38,1.41,1.95,1.94,1.84,3.23,3.24,3.89,3.89,5,1.6,1.55,1.59,2.79,0.82,0.51,0,0,0,0,5,1.01,1.4
User 222,1.39,1.39,1.42,2.55,1.95,1.84,3.23,3.24,3.89,3.88,5,1.59,1.54,1.58,1.19,0.81,0.51,0,0,0,0,5,1.02,1.42
User 223,1.4,1.4,1.42,5,1.95,3.25,1.81,3.23,4.52,3.88,5,1.58,1.54,1.57,1.67,0.81,0.51,0,0,0,0,5,0.92,1.42
User 224,1.41,1.41,1.43,1.46,1.96,3.25,1.8,3.23,4.51,3.87,5,1.57,1.53,1.56,1.58,0.8,0.51,0,0,0,0,5,0.92,1.44
User 225,1.42,1.42,1.43,2.56,1.97,1.98,1.79,3.23,4.5,5,5,1.57,1.52,1.55,1.65,0.8,0.52,0,0,0,0,0.67,0.93,1.48
User 226,1.43,1.43,1.44,1.47,1.97,1.84,1.78,3.22,4.51,3.94,5,1.56,1.51,1.54,1.56,1.51,0.52,0.54,0,0,0,0.68,0.94,1.18
User 227,1.44,1.44,1.45,1.48,1.97,5,1.78,3.22,4.5,4.5,5,5,1.51,1.53,1.42,1.13,0.52,0.55,0.5,0,0,0.65,0.95,1.17
User 228,1.45,1.45,1.46,1.49,1.98,1.99,1.52,3.22,5,4.49,5,5,1.52,1.52,1.57,5,0.53,0.51,0,0,0,1.53,0.95,1.18
User 229,1.45,1.45,1.47,1.5,1.53,1.99,1.48,3.22,4.5,4.48,5,5,1.51,1.51,1.48,5,0.53,0.51,0,0,0,0.68,0.96,1.19
User 230,1.47,1.46,1.48,1.5,1.53,2,1.77,3.21,4.48,3.85,5,5,1.5,1.5,1.49,1.1,0.53,0.51,0,0,0,5,0.97,1.2
User 231,1.48,1.47,1.49,1.51,1.54,2,1.49,3.21,4.48,3.83,5,5,1.49,1.49,1.47,0.78,0.75,0.51,0,0,0,0.67,1,1.21
User 232,1.49,1.48,1.49,1.52,1.55,1.48,1.47,3.21,4.48,3.82,5,5,1.49,1.48,1.47,0.77,0.76,0.51,0,0,0,0.68,1.01,1.22
User 233,1.5,1.49,1.5,1.53,1.56,2.01,1.46,3.21,5,3.81,5,2.15,1.48,1.47,1.46,0.77,0.75,0.51,0,0,0,5,1.01,1.23
User 234,1.51,1.5,1.52,1.53,1.56,5,1.45,3.2,5,3.8,5,2.14,1.47,1.46,1.49,1.07,0.74,0.51,0,0,0.5,5,1.02,1.24
User 235,1.52,1.51,1.52,1.54,1.57,5,1.44,3.2,5,3.79,5,2.13,1.46,1.45,1.34,0.76,0.75,0.52,0.5,0,0.5,5,1.27,1.24
User 236,1.53,1.52,1.53,1.55,1.58,5,1.44,3.2,5,3.79,5,2.12,1.45,1.44,1.34,0.76,0.74,0.52,0.5,0,0.5,5,1.71,1.25
User 237,1.54,1.53,1.54,1.56,1.59,5,1.43,3.2,4.47,3.78,5,2.11,1.44,1.43,1.42,1.04,0.73,0.53,0.51,0,0.51,1.62,0.83,1.26
User 238,1.55,1.54,1.55,1.57,1.6,1.55,1.43,3.2,5,3.77,5,2.1,1.43,1.42,1.44,1.04,0.73,0.53,0.51,0.5,0.51,5,0.84,1.27
User 239,1.56,1.55,1.56,1.58,2.03,1.51,3.25,3.19,5,3.76,5,2.09,1.43,1.41,1.42,1.03,0.73,0.54,0.51,0.5,0.51,5,0.85,1.28
User 240,1.57,1.56,1.57,1.59,1.62,1.54,1.43,3.19,4.81,3.76,5,2.08,1.42,1.4,1.41,1.03,0.73,0.57,0.51,0.51,0.51,5,1.61,1.29
User 241,1.58,1.57,1.58,2.05,1.63,1.43,1.42,3.18,5,3.74,5,2.07,1.41,1.39,1.41,1.02,0.73,0.55,0.52,0.51,0.52,5,1.62,1.3
User 242,1.33,1.58,1.59,1.61,1.64,1.42,1.42,3.18,5,3.74,5,2.05,5,1.38,1.39,1.02,0.72,0.63,0.52,0.52,0.52,0.67,1.63,1.31
User 243,1.34,1.59,1.6,1.63,1.65,1.47,3.25,3.17,5,3.72,5,2.04,5,1.37,1.38,1.01,0.72,0.57,0.53,0.52,0.53,0.64,1.65,1.33
User 244,1.36,1.61,1.62,1.65,2.05,1.58,3.25,3.17,3.19,3.71,5,2.02,5,1.35,1.37,1,1.41,0.56,0.54,0.53,0.53,0.71,0.9,1.34
User 245,1.37,1.62,1.63,1.66,1.68,1.58,3.25,3.16,3.18,3.7,5,2.01,5,1.31,1.35,0.99,0.99,0.57,0.54,0.53,0.54,0.65,1.68,1.29
User 246,1.39,1.64,1.65,1.67,2.06,1.42,3.25,3.16,4.41,3.69,5,1.99,5,1.29,1.33,0.99,0.99,0.57,0.55,0.54,0.54,0.66,0.93,1.37
User 247,1.41,1.66,1.66,1.7,1.71,1.61,3.25,3.15,3.18,3.67,5,1.97,5,1.27,1.32,0.99,0.72,0.58,0.56,0.55,0.55,0.68,0.94,1.39
User 248,1.42,1.67,1.68,1.71,1.51,1.81,3.24,3.14,5,3.66,5,1.95,5,1.29,1.3,1.32,0.72,0.58,0.56,0.55,0.56,0.69,0.96,1.41
User 249,1.44,1.69,1.7,1.73,1.5,1.62,3.24,3.13,3.16,3.64,5,1.93,5,1.27,1.28,0.99,0.95,0.59,0.57,0.56,0.57,0.72,0.98,1.43
User 250,1.46,1.71,1.72,1.75,1.63,1.8,3.23,3.13,3.15,3.63,5,1.92,5,1.22,1.28,0.99,0.71,0.6,0.57,0.57,0.57,0.73,1.01,1.44
User 251,1.48,1.72,1.73,1.76,1.62,1.81,3.22,3.12,3.14,3.62,5,1.9,5,1.2,1.26,1.27,0.93,0.61,0.59,0.57,0.58,0.74,1.03,1.46
User 252,1.5,1.74,1.75,1.78,1.58,1.85,3.22,3.12,3.13,3.6,5,1.88,5,1.18,1.24,1.25,0.92,0.61,0.59,0.58,0.59,0.8,5,1.48
User 253,1.52,1.76,1.77,1.8,1.53,1.81,3.15,3.11,3.14,3.59,5,1.85,5,1.17,1.34,0.94,0.92,0.62,0.6,0.59,0.6,0.73,1.82,1.5
User 254,1.54,1.78,1.79,5,1.56,1.85,3.22,3.1,4.35,3.57,5,1.83,5,1.14,1.33,0.92,0.91,0.63,0.61,0.6,0.6,0.75,1.84,1.53
User 255,1.55,1.8,1.81,1.84,1.53,1.86,3.21,3.09,4.35,3.56,5,1.82,5,1.13,1.32,1.2,0.9,0.64,0.61,0.6,0.61,5,1.86,1.54
User 256,1.57,1.82,1.83,5,1.54,1.86,3.21,3.09,4.34,3.54,5,1.79,5,1.11,1.3,1.27,0.89,0.64,0.62,0.61,0.62,5,0.95,1.56
User 257,1.59,1.83,1.84,5,1.54,1.9,3.21,3.08,4.33,3.53,5,1.78,5,1.09,1.28,1.28,0.88,0.65,0.63,0.62,0.63,5,0.98,1.42
User 258,1.61,1.85,1.87,1.9,1.56,1.9,3.21,3.07,4.6,3.51,5,1.75,5,1.07,1.27,1.27,0.88,0.66,0.64,0.63,0.63,5,1,1.6
User 259,1.64,1.87,1.89,5,1.77,1.88,3.21,3.06,4.58,3.5,5,1.73,5,1.05,1.26,1.25,0.87,0.67,0.65,0.64,0.64,5,1.66,1.62
User 260,1.65,1.89,1.9,5,1.79,1.88,3.21,3.06,4.57,3.48,5,1.71,5,1.03,1.25,1.24,0.87,0.67,0.65,0.64,0.65,5,5,1.64
User 261,1.68,1.91,1.92,2.32,5,1.88,3.21,3.05,5,3.47,5,1.69,5,1.01,1.23,1.23,0.86,0.68,0.66,0.65,0.66,5,1.96,1.57
User 262,1.7,1.93,1.94,2.34,1.61,1.89,3.22,3.04,5,3.45,5,1.67,5,0.99,1.22,1.21,0.85,0.69,0.67,0.66,0.66,5,5,1.58
User 263,1.71,1.95,1.96,1.83,5,2.01,4.08,3.04,5,3.44,5,1.65,5,0.98,1.21,1.2,0.84,0.7,0.67,0.66,0.67,5,2.01,1.6
User 264,1.74,1.97,1.98,1.84,1.66,2.06,3.2,3.03,5,3.42,5,1.63,5,0.96,1.2,1.19,0.84,0.7,0.68,0.67,0.68,5,5,1.55
User 265,1.76,1.98,1.99,1.86,5,2.1,3.2,3.02,3.04,3.41,4.08,1.61,5,0.94,1.18,1.18,0.83,0.71,0.68,0.68,0.69,5,5,1.65
User 266,1.78,2,2.02,1.86,5,3.22,3.2,3.01,3.03,3.4,5,1.59,5,5,1.17,1.16,0.84,0.72,0.69,0.69,0.7,5,5,1.59
User 267,2.03,2.02,2.03,1.87,5,3.22,3.2,3.01,3.03,3.38,5,1.57,5,5,1.16,1.15,1.16,0.72,0.71,0.7,0.7,5,5,1.69
User 268,2.05,2.04,2.05,1.88,5,2.2,3.2,3,5,5,5,1.55,5,5,1.15,1.13,1.15,0.73,0.71,0.7,0.71,5,5,1.62
User 269,2.07,2.06,2.07,1.89,5,2.2,4.1,2.99,3.02,5,5,1.53,5,5,1.14,1.12,0.84,0.74,0.72,0.71,0.72,5,5,1.82
User 270,2.09,2.08,2.09,1.89,5,2.29,3.21,2.99,3,5,4.04,1.51,5,5,1.13,1.11,1.12,0.75,0.72,0.7,0.72,5,1.8,1.57
User 271,2.1,2.1,2.11,1.9,2.27,2.29,3.21,2.98,2.99,3.35,5,1.49,5,5,1.13,1.1,1.11,0.76,0.74,0.7,0.74,5,5,1.59
User 272,2.12,2.11,2.13,1.91,2.28,2.3,4.12,2.97,2.99,3.33,4.02,1.47,5,5,1.57,1.09,1.1,0.74,0.72,0.71,0.74,5,1.27,1.7
User 273,2.14,2.13,2.15,1.92,2.29,4.01,4.13,2.96,2.98,3.32,5,1.45,5,5,5,1.08,1.08,0.74,0.72,0.71,0.74,5,1.29,1.72
User 274,2.16,2.15,2.28,1.93,4.01,3.21,4.13,2.96,2.97,3.29,4.01,1.43,5,5,5,1.07,0.9,0.75,0.73,0.72,0.74,5,2.22,1.73
User 275,2.18,2.17,2.32,1.92,4,3.2,4.14,2.95,2.97,3.28,5,1.41,5,5,5,1.06,0.88,0.8,0.74,0.73,0.74,0.8,2.22,1.73
User 276,2.2,2.19,5,2.02,2.19,4,4.14,2.94,2.96,3.27,4,1.4,5,5,1.06,1.05,0.87,0.8,0.74,0.73,0.75,5,2.25,1.75
User 277,2.22,2.21,5,1.94,2.31,3.2,4.15,2.94,3.24,3.25,3.99,1.38,5,5,1.05,1.04,0.86,0.96,0.75,0.74,0.75,5,5,1.75
User 278,2.24,2.23,5,1.93,3.98,3.2,4.16,2.93,2.95,3.24,3.99,1.36,5,5,1.04,1.03,0.85,0.91,0.76,0.75,0.76,5,5,1.77
User 279,2.32,2.25,5,1.86,2.3,3.2,4.16,2.92,2.94,3.21,3.98,1.34,5,5,1.03,1.02,0.84,0.81,0.77,0.76,0.77,5,1.27,1.79
User 280,2.33,2.27,5,1.88,2.32,3.2,4.17,2.91,2.93,3.2,3.98,1.32,5,1.15,1.02,1.01,0.84,0.85,0.78,0.76,0.77,5,1.29,1.81
User 281,2.35,2.28,5,1.89,2.32,3.2,4.17,2.91,2.92,3.18,3.96,1.3,5,1.12,1.01,1,0.83,0.93,0.79,0.77,0.78,5,5,1.83
User 282,2.37,2.3,2.42,1.9,2.33,3.98,4.18,2.9,2.92,3.17,3.96,1.28,5,1.1,0.64,0.99,0.82,1,0.79,0.78,0.79,5,5,1.85
User 283,2.39,2.32,2.44,1.92,2.34,3.95,2.92,2.89,2.91,3.16,3.96,1.26,5,1.08,0.62,0.98,0.82,0.99,0.84,0.79,0.8,5,5,1.87
User 284,2.41,2.34,5,1.92,2.01,3.19,4.19,2.89,2.9,2.04,3.95,1.24,5,1.06,0.61,0.97,0.82,0.98,0.81,0.79,0.81,5,5,1.89
User 285,2.43,2.36,5,1.94,2.01,3.2,4.2,2.88,2.9,2.02,3.95,1.22,5,1.04,0.59,0.96,0.95,0.97,0.8,0.8,0.81,5,5,1.91
User 286,2.45,2.38,5,1.96,2.37,3.92,2.9,2.87,2.89,2.01,3.94,1.2,5,1.02,0.57,0.96,0.94,0.84,0.81,0.81,0.82,5,5,1.93
User 287,2.47,2.4,5,1.97,2.38,3.22,4.21,2.87,2.88,1.99,3.93,1.03,5,1,0.56,0.95,0.91,0.81,0.81,0.81,0.82,5,5,1.95
User 288,2.48,2.41,5,1.99,3.93,4.12,4.22,2.86,2.87,1.98,3.93,1.01,1,0.99,0.55,0.94,0.91,0.8,0.82,0.82,0.83,5,1.4,1.93
User 289,2.22,2.42,5,2,2.37,3.21,2.88,2.86,3.09,3.09,3.94,1.01,0.99,0.98,0.54,0.94,0.92,0.79,0.83,0.82,0.83,5,5,1.92
User 290,2.2,2.41,5,1.97,2.37,3.9,4.22,2.86,3.47,3.09,3.91,1.01,0.99,0.98,0.55,0.94,0.91,0.78,0.83,0.82,0.84,4.22,5,1.93
User 291,2.2,2.44,5,1.98,2.37,3.9,4.22,2.87,3.48,3.1,3.91,1.01,0.99,0.98,3.48,0.95,0.9,0.78,0.83,0.82,0.84,4.22,5,1.7
User 292,2.19,2.43,5,1.99,2.37,3.91,4.22,2.87,3.48,3.12,3.91,1.01,1,0.98,3.48,0.95,0.91,0.78,0.83,0.81,0.84,4.22,5,1.7
User 293,2.19,2.44,5,1.98,2.38,3.91,4.22,2.87,3.48,3.11,3.91,1.01,1,0.98,3.48,0.95,0.91,0.78,0.83,0.82,0.84,4.22,5,1.6
User 294,2.19,2.44,5,1.98,2.38,3.91,4.22,2.87,3.48,3.11,3.91,1.01,1,0.98,3.48,0.96,0.91,0.78,0.83,0.82,0.84,4.22,5,1.7
User 295,2.2,2.45,5,1.99,2.39,3.9,4.22,2.87,3.48,3.11,3.91,1.01,0.99,0.98,3.48,0.94,0.91,0.78,0.83,0.82,0.84,4.22,5,1.7
User 296,2.2,2.42,2.52,1.99,2.39,3.9,4.22,2.87,3.48,3.11,3.9,1.01,0.99,0.98,3.48,0.94,0.91,0.78,0.83,0.82,0.84,4.22,5,1.61
User 297,2.2,2.47,2.52,1.99,2.39,3.9,4.22,2.86,3.48,3.11,3.91,1.01,0.99,0.98,3.48,0.94,0.92,0.78,0.84,0.82,0.85,4.22,5,1.61
User 298,2.2,2.42,2.52,2,2.39,3.9,4.22,2.86,3.48,3.11,3.91,1.01,0.99,0.98,3.48,0.94,0.92,0.78,0.84,0.82,0.84,4.22,5,1.61
User 299,2.2,2.42,2.52,2.02,2.39,3.9,4.22,2.86,3.48,3.11,3.91,1.01,0.99,0.98,3.48,0.95,0.91,0.78,0.84,0.82,0.84,4.22,5,1.7
User 300,2.2,2.42,2.53,2.01,2.39,3.9,4.22,2.86,3.47,3.1,3.91,1.01,0.99,0.98,3.47,0.95,0.91,0.78,0.84,0.82,0.86,4.22,5,1.71
User 301,2.2,2.42,2.53,2.01,2.39,3.9,4.22,2.86,3.47,3.1,3.91,1.01,0.99,0.98,3.47,0.95,0.92,0.78,0.84,0.82,0.86,4.22,5,1.71
User 302,2.21,2.47,2.53,2.01,2.39,3.9,4.22,2.87,3.47,3.1,3.91,1.01,0.99,0.97,3.48,0.94,0.92,0.78,0.84,0.82,0.86,4.22,5,1.71
User 303,2.21,2.49,5,2.01,2.39,3.9,4.22,2.87,3.47,3.1,3.91,1,0.98,0.97,3.47,0.94,0.92,0.78,0.94,0.82,0.86,4.22,5,1.62
User 304,2.21,2.43,5,2.02,2.39,3.9,4.22,2.86,3.47,3.1,3.91,1,0.98,0.97,3.47,0.94,0.92,0.78,0.94,0.82,0.86,4.22,5,1.62
User 305,2.22,2.44,2.55,2.01,2.39,3.9,4.23,2.86,3.46,3.1,3.9,0.99,0.97,0.96,0.97,0.94,0.92,0.78,0.94,0.83,0.84,4.23,5,1.63
User 306,2.23,2.45,2.56,2.01,2.39,3.89,4.23,2.86,3.46,3.09,5,0.99,0.96,0.95,1.53,0.93,0.92,0.78,0.94,0.83,0.84,4.23,5,1.64
User 307,2.24,2.48,5,2.01,2.39,3.89,4.23,2.85,3.45,3.07,3.91,0.97,0.95,0.94,0.95,0.93,0.91,0.77,0.93,0.84,0.85,4.23,5,2.25
User 308,2.26,2.52,2.56,2.03,2.4,3.91,4.24,2.84,3.44,3.06,3.88,0.96,0.94,0.92,0.95,0.93,0.91,0.78,0.92,0.85,0.86,4.24,5,1.67
User 309,2.27,2.51,2.56,2.04,2.4,3.91,4.24,2.84,3.43,3.05,3.88,0.95,0.93,0.91,1.48,0,0.9,0.77,0.92,0.85,0.87,4.24,5,1.69
User 310,2.29,2.52,5,2.05,2.41,3.87,4.25,2.83,3.42,3.04,3.87,0.93,0.91,0.9,0.92,0,0.9,0.77,0.92,0.83,0.92,4.25,5,1.68
User 311,2.31,2.53,5,2.06,2.42,3.86,4.25,2.82,2.86,3.03,3.87,0.92,0.9,0.88,0.9,0,0.9,0.78,0.91,0.83,0.89,4.25,5,2.32
User 312,2.33,2.54,5,2.07,2.43,3.85,4.26,2.81,3.02,3.01,3.86,0.9,0.88,0.86,0.88,0,0.9,0.78,1.25,0.84,5,4.26,5,1.76
User 313,2.34,2.56,2.64,2.08,2.1,3.84,4.27,2.81,3.38,2.99,5,0.89,0.86,0.85,0.86,0,0.9,0.78,0.78,0.85,0.91,4.26,5,2.35
User 314,2.36,2.57,5,2.16,5,3.84,4.27,2.8,2.83,3.01,5,0.87,0.85,0.83,0.84,0,0.89,0.86,0.78,0.85,0.94,4.27,5,5
User 315,2.38,2.59,2.66,2.09,2.12,3.83,2.82,2.79,2.81,3.38,5,0.86,0.83,0.82,0.83,0,0.89,0.85,0.78,0.86,0.91,4.28,5,5
User 316,2.39,2.6,5,2.11,5,3.83,4.29,2.78,2.8,2.82,5,0.85,0.82,0.8,0.81,0,0.89,0.8,0.77,0.87,0.91,4.28,5,5
User 317,2.4,2.61,5,2.11,5,3.82,4.29,2.78,2.79,2.8,5,0.84,0.81,0.79,0.8,0.91,0.89,0.79,0.77,0.91,0.92,5,1.27,1.66
User 318,2.4,2.64,2.63,2.12,2.48,3.82,4.29,2.78,2.79,2.8,5,5,0.84,0.79,0.79,2.17,0.89,0.78,0.77,1.02,0.92,5,1.27,1.63
User 319,2.4,2.62,2.62,2.13,5,3.82,4.29,2.78,2.78,2.8,5,5,0.84,0.79,0.79,0.82,0.88,0.78,0.77,0.93,0.91,5,1.27,1.6
User 320,2.4,2.62,2.61,2.11,5,3.82,5,2.79,2.79,2.8,3.84,5,0.86,0.8,0.79,0.81,0.89,0.79,0.77,1,0.91,5,1.28,1.6
User 321,2.39,2.61,2.61,2.63,5,3.82,5,2.79,2.79,2.8,3.85,3.84,0.87,0.8,0.79,0.81,0.89,0.79,0.77,0.92,0.91,5,1.28,1.6
User 322,2.39,2.61,2.61,2.12,5,3.82,5,2.79,2.79,2.8,5,3.84,0.86,0.8,0.79,0.81,0.89,0.79,0.77,0.9,0.91,5,1.28,1.59
User 323,2.4,2.62,2.61,2.11,5,3.82,5,2.79,2.79,2.8,2.17,3.84,0.86,0.8,0.79,0.81,0.89,0.79,0.77,0.89,0.91,5,5,1.59
User 324,2.4,2.62,2.61,2.13,5,3.83,5,2.79,2.79,2.8,2.17,3.84,5,0.81,0.79,0.81,0.89,0.78,0.77,0.89,0.91,5,1.28,1.6
User 325,2.39,5,2.61,2.63,5,3.83,5,5,2.79,2.8,1.81,5,0.85,0.85,0.79,0.81,0.89,0.78,0.76,0.89,0.91,5,2.9,1.6
User 326,2.09,5,2.61,2.63,5,3.83,5,5,2.79,2.8,1.81,3.83,0.97,0.9,0.79,0.8,0.89,0.79,0.77,0.89,0.91,5,5,1.6
User 327,2.4,5,2.61,2.63,5,3.83,5,5,2.79,2.8,1.81,3.84,0.97,0.91,0.79,0.8,0,0.79,0.77,0.89,0.91,5,5,5
User 328,2.4,5,2.61,2.13,5,3.83,5,5,2.79,2.8,1.81,3.84,0.97,0.8,0.79,0.8,0,0.88,0.77,0.88,0.91,5,1.17,1.6
User 329,2.09,5,2.61,2.62,2.22,3.83,5,5,2.79,2.8,1.81,3.84,0.96,0.8,0.79,0.8,0,0.88,0.87,0.88,0.91,5,1.17,5
User 330,2.09,2.85,2.61,2.62,2.21,3.83,3.84,5,2.79,2.81,1.81,3.84,0.83,0.8,0.79,0.8,0,0.87,0.87,0.88,0.91,5,1.17,5
User 331,1.98,5,2.61,2.62,2.19,3.83,3.83,5,2.79,2.81,1.81,3.83,0.82,0.8,0.79,0.8,0,0.87,0.87,0.88,0.86,0.94,1.14,5
User 332,1.98,2.84,2.61,2.62,2.19,3.84,3.83,2.8,2.79,2.82,1.81,3.84,0.83,0.8,0.79,0.79,0,0.87,0.86,0.77,0.86,0.94,5,5
User 333,1.72,2.41,2.61,2.63,2.19,3.84,3.83,2.8,2.8,2.81,1.81,3.84,0.97,0.8,0.79,0.79,0,0.87,0.84,0.76,0.85,0.91,5,5
User 334,1.6,2.4,2.62,5,2.21,2.14,3.83,2.81,2.8,2.8,5,3.84,0.97,0.8,0.79,0.8,0,0.87,0.78,0.75,0.85,0.91,4.3,5
User 335,1.59,2.4,2.62,5,2.13,2.48,3.83,2.82,2.8,2.8,3,0.88,5,0.8,0.79,0.79,0,0.88,0.83,0.75,0.85,0.9,0.92,5
User 336,1.59,2.4,2.64,2.65,2.13,2.14,3.84,2.82,2.8,2.8,2.99,0.88,5,0.81,0.79,0.79,1.38,0.87,0.77,0.75,0.89,0.9,4.29,5
User 337,1.59,2.4,2.63,2.62,2.14,2.49,3.84,4.29,2.81,2.8,2.82,5,5,5,0.78,0.78,1.42,0.87,0.86,0.75,0.89,0.9,0.92,5
User 338,1.59,2.4,2.63,2.62,5,5,3.84,4.3,2.81,2.8,2.82,5,5,5,0.79,0.78,2.17,0.87,0.77,0.74,0.87,0.9,5,5
User 339,1.48,2.4,5,2.62,2.64,2.22,3.85,5,2.82,2.8,2.82,1.82,3.85,5,5,0.78,0.8,0.86,0.86,0.75,0.87,0.9,0.93,5
User 340,1.62,2.41,5,2.62,2.64,2.21,3.85,5,2.83,2.8,2.82,1.82,0.84,5,0.81,0.78,0.79,0,0.85,0.75,0.86,0.92,0.91,5
User 341,1.32,2.42,3.59,2.62,2.64,2.21,3.86,3.85,5,2.8,2.82,1.81,3.85,0.97,0.79,0.78,0.79,0,0.85,0.85,0.86,0.85,0.9,5
User 342,1.35,2.41,5,2.63,2.64,2.21,5,3.85,2.82,2.8,2.83,1.81,3.85,0.97,0.79,0.78,0.78,0,0.85,0.84,0.86,0.85,0.92,5
User 343,1.35,2.41,2.42,2.63,2.64,2.21,5,3.84,2.83,2.8,2.83,1.81,5,0.97,0.79,0.77,0.78,0,0.85,0.82,0.86,0.84,0.9,5
User 344,1.28,2.42,2.42,2.63,2.64,2.22,5,3.84,2.83,2.81,3,1.81,5,5,0.79,0.77,0.78,0,0.85,0.82,0.85,0.85,0.9,5
User 345,1.35,2.42,2.41,2.62,5,2.15,5,3.84,2.83,2.81,3,1.81,5,5,0.79,0.77,0.78,0,0.89,0.82,0.86,1.1,0.9,5
User 346,1.27,2.43,2.41,2.63,5,2.14,5,3.84,2.82,2.81,2.99,1.81,5,5,0.79,0.77,0.78,0,0.86,0.81,0.86,1.1,0.89,5
User 347,5,5,2.41,2.63,5,2.22,5,3.84,2.83,2.81,2.99,1.82,3.85,5,0.79,0.77,0.78,0,0.87,0.81,0.75,1.1,0.89,5
User 348,1.27,5,2.41,2.63,5,2.21,5,3.84,2.83,2.81,2.83,1.82,3.85,5,0.79,0.77,0.78,0,0.86,0.76,0.74,1.1,0.89,5
User 349,5,1.6,2.41,2.63,5,2.18,5,3.84,5,2.81,2.82,1.82,3.85,5,0.79,0.77,0.78,0,0.85,0.75,0.73,1.1,0.89,5
User 350,1.27,1.71,2.41,2.63,2.65,2.14,5,3.84,4.31,2.81,2.81,2.99,3.85,5,0.79,0.77,0.78,0,0.85,0.75,0.73,1.1,0.89,4.3
User 351,5,5,2.41,2.64,2.65,2.14,2.22,3.84,4.31,2.81,2.81,3,3.85,5,0.79,0.77,0.78,0,0.85,0.75,0.73,1.11,0.88,5
User 352,2.91,1.6,2.41,2.64,5,2.15,2.22,3.84,2.84,2.82,2.82,1.82,3.85,5,0.79,0.77,0.77,0.88,0.85,0.75,0.73,1.18,0.88,5
User 353,2.91,1.61,2.41,2.7,2.64,2.15,2.24,3.85,2.84,2.82,2.82,2.83,1.83,5,0.8,0.77,0.77,0.87,0.85,0.74,0.73,0.86,0.89,5
User 354,1.18,1.63,2.41,2.65,2.64,5,5,3.85,5,2.83,2.82,2.83,2.17,5,0.81,0.78,0.77,0.87,0.85,0.84,0.73,0.85,0.89,5
User 355,1.17,5,2.41,2.7,2.64,2.15,2.22,3.85,5,5,2.81,2.83,1.82,5,5,0.77,0.76,0.87,0.85,0.84,0.73,0.85,0.87,0.9
User 356,1.51,5,2.14,2.71,2.64,5,2.16,3.85,5,5,2.81,2.82,1.82,3.86,5,0.77,0.76,0.78,0,0.84,0.73,0.85,0.84,0.9
User 357,1.08,5,2.11,2.72,2.64,2.66,2.24,3.85,5,2.83,2.81,2.82,1.82,3.85,5,0.77,0.76,0.78,0,0.84,0.73,0.84,0.83,0.89
User 358,1.09,5,2,5,2.64,2.65,2.24,3.85,5,2.83,2.81,2.83,1.82,3.86,5,0.77,0.76,0.77,0,0.84,0.73,0.85,0.83,0.89
User 359,1.08,5,2.42,2.72,2.64,2.65,2.24,2.71,5,2.83,2.81,2.83,1.81,3.86,5,0.77,0.76,0.77,0,0.84,0.83,0.85,0.83,0.89
User 360,1.09,5,2,2.43,2.64,2.66,5,3.85,5,2.82,2.81,2.82,1.81,3.86,5,0.77,0.76,0.77,0,0.84,0.83,0.74,0.83,0.89
User 361,1.08,5,2.42,5,2.64,2.65,5,3.85,5,2.82,2.81,2.82,1.81,3.86,5,0.77,0.76,0.77,0,0.84,0.74,0.74,0.83,0.89
User 362,1.08,5,2,2.43,2.64,2.65,2.16,3.85,5,2.82,2.81,2.82,1.81,3.86,5,0.77,0.76,0.77,0,0.84,0.74,0.74,0.83,0.89
User 363,1.09,5,2,2.43,2.64,2.65,2.24,3.85,5,2.82,2.81,2.83,1.81,5,5,0.77,0.76,0.77,0,0.83,0.83,0.74,0.83,0.89
User 364,1.18,5,2,5,2.65,2.65,2.17,2.26,5,2.82,2.81,2.83,1.81,3.86,5,0.77,0.76,0.77,0,0.84,0.83,0.74,0.83,0.89
User 365,1.18,5,2.42,2.43,2.65,2.66,2.24,3.85,5,2.82,2.81,2.83,1.81,3.85,0.96,0.77,0.76,0.77,0,0.84,0.83,1.21,0.84,0.9
User 366,1.18,5,2,2.43,2.64,2.66,2.24,3.85,5,2.82,2.81,2.82,1.81,3.85,5,0.77,0.76,0.77,0,0.84,0.83,0.74,0.84,0.89
User 367,5,5,2,2.44,2.65,2.66,5,3.85,5,2.82,2.8,2.98,1.81,3.84,0.96,0.77,0.75,0.76,0,0.84,0.83,1.22,0.84,0.91
User 368,1.1,5,2.43,2.44,2.65,2.66,2.25,2.86,5,2.81,2.8,2.97,1.8,3.84,5,0.76,0.75,0.76,0,0.84,0.83,1.22,0.85,0.91
User 369,5,5,2.44,2.44,2.65,2.66,2.23,3.84,5,2.81,2.79,2.96,1.79,3.83,0.94,0.76,0.75,0.76,0,0.85,0.84,0.75,0.85,0.92
User 370,1.3,5,1.95,2.45,2.66,2.66,2.16,2.17,5,2.8,2.79,2.95,1.78,3.83,0.93,0.76,0.75,0.75,0,0.85,0.82,0.75,0.86,0.92
User 371,5,5,1.96,2.45,2.66,2.67,2.24,3.83,5,2.79,2.78,2.98,1.78,3.83,0.92,0.75,0.74,0.75,0.88,0.86,0.82,0.75,0.87,0.93
User 372,1.13,5,2.46,2.46,2.66,2.68,5,3.82,5,2.78,2.77,2.78,1.77,3.82,0.91,0.75,0.74,0.75,0.88,0.86,0.77,0.76,0.89,0.93
User 373,1.14,5,2.46,2.46,2.67,2.68,2.23,2.16,5,2.78,2.76,2.77,1.76,5,0.91,0.75,0.73,0.74,0.89,0.87,0.77,0.76,0.88,0.94
User 374,1.15,5,2.47,2.47,2.67,2.69,2.24,2.16,5,2.77,2.76,2.76,1.75,5,0.9,0.74,0.73,0.74,0.76,0.88,0.83,0.77,1.01,0.95
User 375,1.16,5,2.48,2.48,2.67,5,2.18,2.15,5,2.76,2.74,2.75,1.74,5,0.9,0.74,0.73,0.73,0.75,0.88,0.84,0.78,0.9,0.96
User 376,1.37,1.36,2.49,2.49,2.68,2.76,2.23,2.15,5,2.75,2.73,2.74,1.73,5,5,0.73,0.72,0.75,0.75,0,0.8,0.79,0.9,0.97
User 377,0.97,1.37,2.51,2.5,2.68,2.75,2.16,2.14,5,2.74,2.72,2.72,2.87,3.78,5,0.73,0.72,0.73,0.75,0,0.8,0.8,0.91,0.99
User 378,0.97,5,5,2.51,2.69,2.76,2.16,2.14,5,5,2.71,2.71,2.09,5,5,0.73,0.71,0.72,0.75,0,0.82,0.82,0.91,0.95
User 379,0.97,5,5,2.52,2.7,2.71,2.18,5,5,2.71,2.69,2.69,2.84,5,5,0.72,0.71,0.71,0.73,0,0.83,0.84,0.92,0.95
User 380,0.97,1.41,5,2.53,2.7,5,2.16,2.75,3.75,2.7,2.68,2.68,2.85,5,5,0.72,0.7,0.7,0.73,0,0.84,0.92,0.93,0.96
User 381,0.98,5,1.86,2.54,2.71,2.72,5,5,3.74,2.69,2.67,2.67,2.84,5,5,0.72,0.7,0.7,0.72,0.94,0.93,0.92,0.94,0.96
User 382,0.99,5,1.87,2.54,2.71,2.72,2.15,2.09,3.73,2.68,2.66,2.66,2.81,5,5,0.73,0.7,0.7,0.71,0.96,0.86,0.93,0.95,0.97
User 383,0.99,1.44,5,2.55,2.72,2.72,2.74,2.09,3.72,2.68,2.65,2.66,2.8,5,5,0.74,0.69,0.69,0.71,1.42,0.78,0.94,0.95,0.98
User 384,1,1.45,5,2.56,2.72,2.72,2.16,2.08,3.72,2.67,2.65,2.64,2.78,5,3.73,0.81,0.69,0.69,0.7,1.41,0.77,0.95,0.96,1.07
User 385,1.01,5,5,2.56,2.72,2.73,5,2.09,3.71,2.66,2.64,2.63,2.77,5,5,0.79,0.69,0.69,0.7,0.74,0.77,0.95,0.96,1.09
User 386,5,5,5,2.57,2.73,2.73,5,2.08,3.7,5,2.64,2.62,2.77,5,3.72,0.79,0.69,0.68,0.7,0.73,0.77,0.96,0.97,0.99
User 387,5,5,5,2.58,2.73,2.73,5,2.1,3.69,5,2.62,2.71,2.75,5,5,0.78,0.68,0.68,0.69,0.73,0,0.97,0.98,1
User 388,1.03,5,1.9,2.59,2.74,2.73,5,2.09,3.68,5,2.61,2.6,2.73,5,5,0.76,0.68,0.68,0.69,0.72,0,0.98,0.92,1.02
User 389,1.04,5,1.83,2.6,2.74,2.74,5,2.08,3.67,5,5,2.58,2.71,1.57,5,0.75,0.68,0.67,0.68,0.72,0,0.99,0.93,1.08
User 390,5,5,1.85,2.61,2.75,2.74,2.04,2.08,3.66,5,5,2.56,2.69,1.56,5,0.75,0.67,0.67,0.68,0.72,0,0.93,0.94,1.27
User 391,5,5,5,2.63,2.75,2.75,2.16,2.07,3.64,5,2.55,2.55,2.67,1.54,3.66,0.75,0.71,0.66,0.68,0.71,0,1,0.96,1.08
User 392,5,5,5,2.64,3.8,2.75,2.15,2.07,3.63,5,2.54,2.53,2.56,5,3.64,5,0.67,0.66,0.67,3.15,0,0.96,0.97,1.08
User 393,5,5,5,2.65,2.77,2.76,2.15,2.06,3.62,5,2.52,2.52,2.63,1.5,5,5,0.66,0.66,0.67,3.15,0,1.05,0.99,1.09
User 394,5,5,5,2.66,2.77,2.76,2.15,2.06,3.6,5,2.5,2.51,2.51,1.48,3.61,5,0.66,0.65,0.66,0.69,0,1.07,1.01,1.1
User 395,5,5,5,2.68,3.84,2.77,1.95,2.08,3.59,5,5,2.5,2.49,1.46,3.6,5,0.65,0.65,0.66,0.68,0.51,1.09,1.03,1.11
User 396,5,1.58,1.92,2.69,2.78,2.77,1.97,1.99,3.58,4.38,5,2.47,2.47,1.44,3.59,0.67,0.65,0.64,0.65,0.54,0.52,1.1,1.04,1.12
User 397,1.58,1.2,1.94,2.7,2.79,2.77,2.03,2.06,3.56,5,5,2.43,2.44,1.42,3.57,0.67,0.65,0.64,0.65,0.68,0.54,0.53,1.06,1.13
User 398,1.18,1.2,1.96,2.72,3.54,2.78,2.11,2.04,3.55,5,5,2.41,2.42,1.41,3.55,0.67,0.64,0.64,0.64,0.67,0.55,0.55,1.08,1.15
User 399,1.19,1.22,1.98,2.73,3.56,2.79,2.15,2.03,3.54,5,5,2.39,2.4,1.39,3.54,5,0.64,0.63,0.64,0.67,0.57,0.56,1.1,1.17
User 400,1.44,1.24,2,2.75,2.8,2.79,5,5,3.52,5,5,2.37,2.38,1.37,3.52,5,0.64,0.63,0.64,0.66,0.58,0.57,0.59,1.19
User 401,1.38,1.26,5,2.76,3.59,2.8,5,5,3.5,5,5,2.35,2.36,1.35,3.51,0.67,0.63,0.62,0.63,0.67,0.59,0.59,0.6,1.2
User 402,1.4,1.28,5,3.21,3.6,2.79,2.17,2.06,3.49,5,5,2.33,2.34,1.33,3.49,0.65,0.63,0.62,0.63,0.63,0.61,0.6,0.61,1.22
User 403,1.41,5,5,5,3.61,2.8,2.19,2.05,3.48,4.39,5,2.31,2.32,1.31,3.48,5,0.62,0.62,0.63,0.65,0.63,0.62,0.63,1.24
User 404,1.43,5,5,5,2.86,2.81,2.17,2.06,3.47,4.39,5,2.29,2.3,1.29,3.46,5,0.61,0.61,0.62,0.65,0.64,0.63,0.64,1.27
User 405,1.45,5,5,5,3.97,2.81,2.18,2.03,3.46,4.39,5,2.27,2.28,1.28,3.45,5,0.61,0.61,0.62,0.65,0.66,0.65,0.66,1.28
User 406,1.47,5,5,5,2.83,2.81,2.2,5,3.44,4.39,5,2.25,2.26,5,3.44,5,0.61,0.6,0.61,0.64,0.67,0.67,0.68,0.7
User 407,1.5,5,5,5,4,2.14,5,5,3.43,4.39,5,2.23,2.24,2.42,3.43,5,0.64,0.6,0.61,0.64,0.68,0.68,0.69,0.71
User 408,0.77,1.82,5,5,3.69,2.17,5,5,3.41,4.4,5,2.21,2.22,2.25,3.42,0.62,0.6,0.6,0.61,0.64,0.71,0.7,0.71,0.73
User 409,0.77,1.84,5,5,3.7,2.83,5,3.41,3.4,4.39,5,2.19,2.2,2.23,3.41,0.62,0.6,0.59,0.6,0.75,0.67,0.71,0.72,0.75
User 410,0.79,1.88,5,5,5,2.15,5,3.4,3.38,4.4,5,2.17,2.18,2.21,5,0.62,0.6,0.59,0.6,0.63,0.67,0.73,0.74,1.36
User 411,1.58,5,5,5,5,2.14,5,3.39,3.37,4.4,5,2.15,2.16,2.18,5,0.61,0.59,0.58,0.59,0.63,0.66,0.74,0.75,0.78
User 412,1.59,5,5,2.92,5,2.15,5,3.36,3.36,4.4,5,2.13,2.14,2.16,5,0.61,0.59,0.58,0.59,5,0.77,0.76,0.77,0.79
User 413,0.84,1.92,5,2.94,5,2.84,5,3.35,3.35,4.4,5,2.11,2.12,2.14,3.35,0.61,0.58,0.58,0.58,5,0.78,0.77,0.78,0.8
User 414,0.85,5,5,2.95,5,2.15,5,3.34,5,4.4,5,2.09,2.11,2.12,3.34,0.6,0.58,0.57,0.58,1.73,0.8,0.79,0.8,0.82
User 415,1.65,1.95,5,4.09,5,2.15,5,3.33,5,5,2.09,2.07,2.08,2.11,5,5,0.57,0.57,0.58,0.61,0.81,0.8,0.81,0.84
User 416,0.88,1.98,5,4.1,5,2.19,2.18,3.31,5,5,5,2.05,2.06,2.09,3.32,0.6,0.57,0.56,0.57,5,0.64,0.82,0.83,0.85
User 417,0.89,5,2.99,4.1,5,2.15,2.17,3.31,5,5,2.04,2.03,2.04,2.07,2.1,0.59,0.57,0.56,0.57,0.6,0.63,0.83,0.84,0.87
User 418,0.91,2.05,5,4.11,5,2.15,5,3.32,5,5,2.02,2.01,2.03,2.05,2.08,0.58,0.57,0.56,0.57,0.59,0.86,0.85,0.86,0.88
User 419,0.93,2.04,3.02,4.12,5,2.16,1.92,3.27,5,5,2,1.99,2.01,2.03,5,0.58,0.56,0.55,0.56,0.59,0.63,0.86,0.87,0.9
User 420,0.94,2.04,5,4.12,5,2.17,5,3.26,5,5,1.99,1.98,1.99,2.01,5,0.58,0.56,0.55,0.56,0.59,0.63,0.88,0.89,0.91
User 421,0.96,2.06,5,4.13,5,2.17,5,3.25,5,5,1.97,1.96,1.97,1.99,5,0.57,0.55,0.55,0.55,0.59,0.9,0.89,0.9,0.92
User 422,0.97,2.08,5,4.14,5,2.18,5,3.23,5,5,1.95,1.94,1.95,1.97,2.11,0.57,0.55,0.54,0.55,0.58,0.92,0.91,0.92,0.94
User 423,0.98,2.1,5,4.14,5,2.17,1.91,3.22,5,5,1.93,1.92,1.93,1.95,5,5,0.54,0.54,0.55,0.58,0.93,0.92,0.93,0.96
User 424,1,2.14,3.09,4.16,5,2.2,1.87,3.21,5,5,1.92,1.9,1.91,1.93,2.07,5,0.54,0.53,0.54,0.57,0.95,0.94,0.95,0.97
User 425,1.01,2.14,2.17,4.16,5,2.19,1.87,3.2,5,5,1.9,1.88,1.89,1.91,5,0.57,0.54,0.53,0.54,0.57,0.96,0.95,0.96,0.99
User 426,1.03,5,3.12,4.17,5,2.19,1.86,3.19,5,5,1.88,1.86,1.87,1.89,2.03,5,0.53,0.53,0.54,0.57,0.98,0.97,0.98,1
User 427,1.04,2.18,2.21,4.18,5,2.17,1.86,3.18,5,5,1.86,1.84,1.85,1.87,5,0.55,0.53,0.52,0.53,0.57,1,0.98,0.99,1.02
User 428,1.06,2.2,2.23,4.19,5,5,1.86,3.17,5,5,5,1.82,1.83,1.85,5,0.55,0.53,0.52,0.53,0.56,1.01,1,1.01,1.03
User 429,1.07,2.22,2.24,4.2,5,2.16,1.85,5,5,5,5,1.8,1.81,1.84,0.58,5,0.52,0.52,0.52,0.56,1.02,1.01,1.02,1.05
User 430,1.09,2.24,2.26,5,5,2.19,1.86,3.13,5,5,1.79,1.78,1.79,1.81,0.58,5,0.52,0.51,0.52,0.56,1.04,1.03,1.04,1.06
User 431,1.1,1.79,2.28,5,5,2.21,1.86,3.12,5,5,1.77,1.77,1.78,1.79,0.58,5,0.51,0.51,0.52,0.55,1.05,1.04,1.05,1.08
User 432,1.11,2.27,2.3,4.24,5,2.21,1.85,5,5,5,1.76,1.75,1.76,1.78,0.57,5,0.51,0.5,0.51,0.55,1.07,1.06,1.07,1.09
User 433,1.13,2.29,2.31,4.23,5,2.21,1.85,5,5,5,1.74,1.73,1.74,1.76,0.79,5,0.51,0.5,0.51,0.54,1.08,1.07,1.08,1.11
User 434,1.14,5,2.33,4.24,5,5,1.85,5,5,5,1.72,1.71,1.72,1.74,0.78,0.53,0.5,0,0.51,0.54,1.09,1.08,1.09,1.12
User 435,1.15,5,2.34,4.25,5,2.21,1.85,3.06,5,1.76,1.71,1.7,1.71,1.73,0.77,5,0.5,0,0.5,0.64,1.1,1.09,1.1,1.79
User 436,1.15,2.32,2.35,4.25,5,2.22,1.85,3.06,5,1.75,1.7,1.7,1.74,1.73,0.76,0.52,0,0,0,0.64,0.57,1.1,1.11,1.78
User 437,2.08,5,5,4.25,5,2.22,1.85,3.07,1.75,1.76,1.7,1.7,1.71,1.84,0.76,0.52,0,0,0,0.65,0.55,1.1,1.15,1.77
User 438,1.14,5,5,4.24,5,5,1.85,3.09,1.75,1.74,1.71,1.7,1.71,1.84,0.77,0.53,0,0,0,0.52,1.11,1.09,1.12,1.77
User 439,1.14,5,5,4.24,5,2.23,1.85,3.09,1.76,5,1.71,1.7,1.71,1.73,0.77,0.53,0,0,0,0.52,1.11,1.1,1.79,1.77
User 440,1.14,5,5,4.25,5,5,1.85,3.09,1.76,1.77,1.71,1.7,1.71,1.5,0.77,0.53,0,0,0,0.52,1.11,1.1,1.79,1.13
User 441,1.14,5,5,4.25,5,2.22,1.85,3.09,1.76,1.76,1.71,1.7,1.71,1.84,0.77,0.53,0,0,0,0.52,1.11,1.1,1.13,1.77
User 442,1.14,5,5,4.25,5,5,1.86,5,1.76,1.77,1.71,1.7,1.71,1.85,0.77,0.54,0,0,0,0.52,1.11,1.1,1.14,1.77
User 443,1.14,5,5,4.24,5,2.21,1.85,5,1.76,1.77,1.71,1.7,1.71,1.84,0.77,0.54,0,0,0,0.52,1.11,1.09,1.1,1.77
User 444,1.8,5,5,4.25,5,2.23,1.85,5,1.76,5,1.71,1.7,1.71,1.5,1.76,0.54,0,0,0,0.51,0.55,1.09,1.1,1.77
User 445,1.82,5,5,4.25,5,2.22,1.86,5,1.76,5,1.72,1.7,1.71,1.5,1.76,0.54,0,0,0,0.52,0.54,1.09,1.09,1.77
User 446,1.8,5,5,5,5,2.22,1.87,5,1.77,5,1.72,1.7,1.71,1.49,2,3.07,0,0,0,0.56,0.53,1.09,1.09,1.13
User 447,1.8,5,5,5,4.25,2.22,5,2,1.77,5,1.72,1.7,1.71,1.49,2.03,0.54,0,0,0,0.56,0.53,1.09,1.09,1.76
User 448,1.8,5,5,3.25,5,2.23,1.87,2,3.06,5,1.72,1.7,1.7,1.5,2.03,3.06,0,0,0,0.54,0.53,0.58,1.09,1.12
User 449,1.65,5,5,5,5,2.22,1.87,2,1.77,5,1.72,1.7,1.7,1.72,1.85,3.07,0,0,0,5,0.53,0.58,1.09,1.12
User 450,1.8,5,5,5,5,5,1.87,2.01,1.77,5,1.72,1.7,1.7,1.49,2.03,3.06,0,0,0,1.62,0.53,0.58,1.1,1.77
User 451,1.8,5,5,5,4.26,2.24,1.88,2,1.77,5,1.72,1.7,1.7,1.49,2.03,0.54,0,0,0,0.56,0.53,1.1,1.1,1.77
User 452,1.8,5,5,5,5,2.24,1.87,2,3.06,5,1.71,1.7,1.7,1.49,2.02,0.54,0,0,0,0.56,0.53,0.58,1.1,1.13
User 453,1.81,5,5,5,5,2.23,1.87,2,1.77,5,1.71,1.69,1.7,1.71,1.83,0.54,0,0,0,0.54,0.53,0.58,1.1,1.12
User 454,1.81,5,5,3.26,5,5,1.87,2,3.05,5,1.7,1.69,1.69,1.71,1.83,0.53,0,0,0,0.53,0.52,0.58,1.1,1.12
User 455,1.82,5,1.87,3.27,5,5,1.87,2,3.05,5,1.7,1.68,1.68,1.7,1.82,0.54,0.5,0,0,0.51,0.52,1.61,1.11,1.12
User 456,1.15,1.19,1.88,3.28,5,5,5,2,3.05,5,1.7,1.68,1.68,1.69,1.81,0.54,0.56,0,0,0.5,0.52,1.62,1.11,1.13
User 457,1.16,1.19,5,3.29,5,5,5,1.99,5,5,1.69,1.67,1.67,1.68,1.72,0.73,0.52,0,0,0,0.52,1.63,1.12,1.13
User 458,1.16,5,5,3.28,4.27,5,5,1.98,5,5,1.7,1.66,1.66,1.67,1.7,0.73,0.52,0,0,0,0.52,1.64,1.13,1.14
User 459,1.17,5,5,3.29,4.27,2.25,2.24,1.98,3.03,5,5,1.66,1.65,1.66,0.58,0.72,0.52,0,0,0,0.51,5,1.14,1.15
User 460,1.18,2.37,5,3.3,4.28,5,2.23,1.98,1.72,5,1.67,1.65,1.64,1.65,1.67,0.71,0.58,0,0,0,0.66,1.17,1.14,1.15
User 461,1.19,2.37,5,3.31,4.28,5,2.24,1.97,1.71,5,1.65,1.63,1.62,1.64,1.66,0.7,0.58,0,0,0,0.67,1.18,1.15,1.16
User 462,1.2,2.38,5,5,4.29,5,2.24,5,1.7,1.7,1.64,1.62,1.61,1.62,1.65,0.7,0.58,0,0,0,0.68,1.18,1.16,1.18
User 463,1.2,2.39,5,3.33,4.29,5,2.24,1.97,1.7,5,1.63,1.61,1.6,1.61,1.64,0.7,1.8,0,0,0,0.7,1.19,1.17,1.19
User 464,1.21,2.4,5,3.34,4.3,5,2.24,1.96,3.01,5,1.62,1.6,1.59,1.6,1.63,0.7,1.76,0,0,0,4.3,1.19,1.18,1.69
User 465,1.22,2.42,5,3.34,4.3,5,2.24,1.87,5,5,1.61,1.59,1.58,1.59,1.62,1.91,1.77,0,0,0,0.71,1.21,1.19,1.7
User 466,1.23,5,5,5,4.31,5,2.27,1.85,5,5,1.6,1.59,1.58,1.58,1.61,1.92,2.99,0,0,0,0.72,1.21,1.2,1.24
User 467,1.23,2.3,5,5,4.31,5,2.24,1.85,5,1.65,1.6,1.57,1.57,1.57,1.6,1.74,2.98,0,0,0,4.31,1.23,1.2,1.23
User 468,1.24,2.44,5,5,4.31,5,5,1.85,2.99,1.64,1.59,1.57,1.56,1.57,1.59,1.72,2.98,0,0,0,4.31,5,1.21,1.25
User 469,1.75,5,5,5,4.32,5,2.25,1.84,2.98,1.63,1.58,1.56,1.55,1.56,1.58,1.71,2.97,0,0,0,4.32,0.73,1.22,1.26
User 470,1.75,2.32,5,5,4.33,2.24,2.25,1.84,2.97,1.62,1.57,1.55,1.54,1.55,1.58,1.7,0.53,0,0,0,4.32,0.74,1.23,1.27
User 471,1.76,5,5,5,4.33,2.25,2.23,1.84,5,1.62,1.56,1.54,1.53,1.54,1.56,1.69,1.77,0,0,0,4.33,0.74,1.24,1.27
User 472,1.77,5,5,5,4.34,2.24,5,1.84,5,1.61,1.55,1.53,1.52,1.53,1.56,1.68,1.77,0,0,0,4.34,0.75,1.25,1.27
User 473,1.95,5,5,5,4.34,5,5,1.83,5,1.6,1.54,1.52,1.51,1.54,1.55,1.67,0.64,0,0,0,4.34,0.75,1.26,1.27
User 474,1.3,2.5,5,5,4.35,5,2.24,1.83,5,1.59,1.53,1.51,1.5,1.53,1.32,1.66,0.63,0,0,0,4.35,0.76,1.27,1.28
User 475,1.31,5,5,5,4.35,5,2.25,1.83,5,1.58,1.52,1.5,1.49,1.53,1.3,1.65,0.63,0,0,0,4.36,0.77,1.28,1.28
User 476,1.31,5,5,5,4.35,5,2.24,1.83,2.95,1.57,1.51,1.49,1.48,1.49,1.3,1.82,0.62,0,0,0,0.51,0.77,1.29,1.3
User 477,1.31,5,5,5,4.36,5,2.25,1.82,2.95,1.56,1.5,1.48,1.47,1.48,1.29,1.81,0.64,0,0,0,0.51,0.78,1.3,1.3
User 478,1.32,2.4,2.54,5,4.36,5,2.26,1.82,5,1.56,1.49,1.47,1.46,1.47,1.28,1.62,0.62,0,0,0,0.51,0.79,1.35,1.31
User 479,1.33,2.41,5,5,4.37,5,2.23,1.82,5,5,1.48,1.46,1.45,1.46,1.28,1.61,0.62,0,0,0,0.51,0.54,1.32,1.32
User 480,1.34,2.42,5,5,4.38,5,2.24,1.81,5,5,1.48,1.45,1.44,1.45,1.27,1.6,0.61,0,0,0.5,0.51,0.54,1.33,1.33
User 481,1.35,2.43,5,5,4.39,5,5,1.81,5,5,1.47,1.45,1.43,1.44,1.46,1.59,0.61,0,0,0,0.51,5,1.34,1.34
User 482,1.36,2.32,5,5,5,5,1.83,1.81,1.83,5,1.46,1.43,1.42,1.42,1.45,1.58,0.62,0.5,0,0,0.53,5,1.35,1.35
User 483,1.37,2.32,5,5,5,5,1.82,1.81,1.82,5,5,1.43,1.41,1.42,1.44,1.57,1.59,0.5,0,0,0.52,0.54,1.36,1.36
User 484,1.38,1.41,5,5,5,5,1.82,1.8,1.82,5,1.87,1.42,1.4,1.41,1.43,1.56,1.58,0.5,0,0,0.52,4.4,0.59,1.37
User 485,1.38,1.42,5,5,4.41,5,1.82,1.8,1.81,2.89,5,1.41,1.39,1.4,1.42,1.75,1.57,0.51,0,0,0.51,4.41,1.39,1.37
User 486,1.39,1.42,5,5,4.42,4.41,1.82,1.8,1.81,5,5,1.4,1.38,1.38,1.41,1.55,0.54,0.51,0,0,0.52,4.41,1.41,1.38
User 487,1.4,1.42,1.46,5,4.42,4.42,1.81,1.79,1.81,2.88,1.86,1.39,1.38,1.37,1.39,1.42,0.54,0.51,0,0,0.52,4.41,2.76,1.39
User 488,1.41,1.43,1.46,5,4.43,4.43,1.81,1.79,1.81,1.84,1.88,1.38,1.37,1.36,1.38,1.41,0.55,0.52,0.51,0.5,0.52,4.42,2.4,1.4
User 489,1.42,1.44,1.47,5,5,4.43,1.8,1.79,1.8,1.83,1.85,1.37,1.35,1.35,1.37,1.52,0.55,0.52,0.51,0.5,0.53,4.44,0.88,1.42
User 490,1.44,1.46,1.48,5,5,4.44,1.8,1.78,1.8,1.82,1.84,1.35,1.34,1.34,1.35,1.38,0.55,0.53,0.51,0.51,0.52,4.44,0.9,1.43
User 491,1.45,1.47,1.5,5,5,4.44,1.79,1.78,1.79,1.82,1.84,1.34,1.33,1.32,1.34,1.36,0.56,0.57,0.52,0.51,0.52,4.44,0.9,1.44
User 492,1.47,1.48,1.51,5,5,4.45,1.79,1.77,1.79,1.81,1.83,1.33,1.31,1.31,1.32,1.34,0.56,0.57,0.55,0.51,0.53,4.46,0.92,1.45
User 493,1.48,1.5,1.53,5,5,4.46,1.78,1.77,1.78,1.8,1.83,1.31,1.3,1.29,1.31,1.33,0.57,0.58,0.53,0.52,0.53,5,0.93,1.47
User 494,1.5,1.52,1.54,5,5,4.47,1.78,1.76,1.78,1.8,1.82,1.3,1.28,1.28,1.29,1.14,0.57,0.55,0.53,0.52,0.53,4.47,0.95,1.49
User 495,1.52,1.53,1.56,5,5,4.48,1.77,1.76,1.77,1.8,1.82,1.28,1.27,1.26,1.27,1.14,0.58,0.55,0.53,0.53,0.54,4.48,0.96,1.51
User 496,1.54,1.56,1.58,5,5,4.5,1.76,1.75,1.76,1.8,5,1.27,1.26,1.24,1.26,1.27,0.58,0.56,0.54,0.53,0.54,4.49,0.98,1.52
User 497,1.56,1.58,1.59,5,5,4.51,1.76,1.75,1.76,1.79,5,5,1.85,1.22,1.24,1.26,0.59,0.56,0.54,0.54,0.55,4.51,1,1.54
User 498,1.59,1.6,1.61,5,5,5,1.75,1.74,1.75,1.79,5,5,1.84,1.21,1.22,1.24,0.6,0.57,0.55,0.54,0.55,5,1.02,1.56
User 499,1.6,1.62,1.63,5,5,5,1.74,1.73,1.74,1.78,1.79,5,5,1.19,1.2,1.22,0.6,0.57,0.56,0.55,0.56,5,1.03,1.58
User 500,1.62,1.64,1.65,5,5,5,1.74,1.73,1.74,2.77,5,5,1.18,1.17,1.18,1.2,0.61,0.57,0.56,0.55,0.56,5,1.05,1.6
